league,slug,club,elo,xPts,pTitle,pTop4,pRelegation
premier-league,arsenal,"Arsenal",2073.2,84.1,0.783,0.9952,0
premier-league,man-city,"Man City",1989.9,74.6,0.1676,0.8964,0
premier-league,liverpool,"Liverpool",1913.5,64.6,0.0228,0.482,0
premier-league,man-united,"Man United",1894.7,62.2,0.0102,0.3712,0.0002
premier-league,aston-villa,"Aston Villa",1888,61.3,0.006,0.319,0.0006
premier-league,bournemouth,"Bournemouth",1864.7,58.5,0.0018,0.206,0.0018
premier-league,chelsea,"Chelsea",1851.1,56.5,0.0026,0.144,0.0032
premier-league,newcastle,"Newcastle",1850.9,56.4,0.002,0.1434,0.0062
premier-league,brighton,"Brighton",1849.8,56.3,0.0018,0.1298,0.002
premier-league,brentford,"Brentford",1844.1,55.7,0.0014,0.116,0.0034
premier-league,everton,"Everton",1818.9,52.4,0.0004,0.056,0.0138
premier-league,leeds,"Leeds",1812.2,51.6,0.0002,0.0508,0.0174
premier-league,forest,"Forest",1810.6,51.1,0.0002,0.048,0.022
premier-league,crystal-palace,"Crystal Palace",1792,49.1,0,0.0236,0.0356
premier-league,fulham,"Fulham",1779.2,47,0,0.012,0.0566
premier-league,tottenham,"Tottenham",1754.6,44.1,0,0.0048,0.113
premier-league,sunderland,"Sunderland",1740.1,42.2,0,0.0018,0.1566
premier-league,coventry,"Coventry",1643.1,30.6,0,0,0.7896
premier-league,ipswich,"Ipswich",1638.3,30.1,0,0,0.818
premier-league,hull,"Hull",1579.5,24,0,0,0.96
la-liga,barcelona,"Barcelona",1966.5,87.3,0.6896,0.9992,0
la-liga,real-madrid,"Real Madrid",1921.3,82,0.2888,0.9944,0
la-liga,atletico,"Atletico",1816,68.8,0.0182,0.7948,0
la-liga,betis,"Betis",1755.9,61,0.0024,0.4092,0.0026
la-liga,villarreal,"Villarreal",1732.7,58.1,0.0006,0.2622,0.0094
la-liga,bilbao,"Bilbao",1696.7,53.2,0,0.112,0.0336
la-liga,rayo-vallecano,"Rayo Vallecano",1694.8,53,0.0002,0.0962,0.0294
la-liga,celta,"Celta",1671.8,49.9,0,0.0544,0.0698
la-liga,osasuna,"Osasuna",1669,49.7,0,0.0534,0.0702
la-liga,valencia,"Valencia",1667.4,49.4,0,0.0398,0.0764
la-liga,sociedad,"Sociedad",1664.7,49.2,0,0.044,0.0862
la-liga,alaves,"Alaves",1665,49.1,0.0002,0.0458,0.0822
la-liga,levante,"Levante",1647.6,47.2,0,0.024,0.123
la-liga,getafe,"Getafe",1646.9,46.8,0,0.0238,0.1396
la-liga,sevilla,"Sevilla",1645.3,46.5,0,0.0252,0.1414
la-liga,espanyol,"Espanyol",1632.1,44.9,0,0.0154,0.198
la-liga,elche,"Elche",1606.7,41.8,0,0.0044,0.3228
la-liga,depor,"Depor",1583.1,38.9,0,0.0012,0.4804
la-liga,santander,"Santander",1582.2,38.5,0,0.0006,0.494
la-liga,malaga,"Malaga",1559.4,35.8,0,0,0.641
serie-a,inter,"Inter",1901.2,81.2,0.6902,0.9728,0
serie-a,roma,"Roma",1821.1,71.1,0.1216,0.7274,0
serie-a,juventus,"Juventus",1784,66.5,0.0464,0.477,0
serie-a,como,"Como",1783.7,66.4,0.0462,0.4872,0
serie-a,napoli,"Napoli",1773.3,65.1,0.036,0.417,0.0002
serie-a,atalanta,"Atalanta",1767.2,64.1,0.026,0.3542,0.0006
serie-a,milan,"Milan",1764.2,63.7,0.0254,0.3414,0.0004
serie-a,lazio,"Lazio",1720.4,58.1,0.0068,0.1414,0.0038
serie-a,bologna,"Bologna",1683.4,53.1,0.001,0.0472,0.0188
serie-a,udinese,"Udinese",1656.1,49.6,0.0004,0.0166,0.0466
serie-a,sassuolo,"Sassuolo",1625.4,45.7,0,0.0048,0.1208
serie-a,fiorentina,"Fiorentina",1622.8,45.2,0,0.0038,0.1278
serie-a,torino,"Torino",1620.3,45,0,0.0046,0.1402
serie-a,cagliari,"Cagliari",1601.9,42.7,0,0.0014,0.207
serie-a,genoa,"Genoa",1589.5,41,0,0.0014,0.2968
serie-a,frosinone,"Frosinone",1583.9,40.2,0,0.0008,0.3294
serie-a,parma,"Parma",1582.3,40.2,0,0.0002,0.3224
serie-a,lecce,"Lecce",1576,39.5,0,0.0006,0.3508
serie-a,venezia,"Venezia",1573.8,38.9,0,0.0002,0.3824
serie-a,monza,"Monza",1532.2,34,0,0,0.652
bundesliga,bayern,"Bayern",1998,82,0.9282,1,0
bundesliga,dortmund,"Dortmund",1847,67,0.0524,0.895,0
bundesliga,leverkusen,"Leverkusen",1796.2,61.1,0.0114,0.6738,0
bundesliga,stuttgart,"Stuttgart",1765.1,57.7,0.0038,0.482,0.0008
bundesliga,rb-leipzig,"RB Leipzig",1751.3,55.8,0.0016,0.3722,0.0022
bundesliga,freiburg,"Freiburg",1740.1,54.6,0.0022,0.3112,0.0022
bundesliga,hoffenheim,"Hoffenheim",1680.9,47.8,0.0004,0.0892,0.0194
bundesliga,mainz,"Mainz",1666.5,46,0,0.0548,0.0362
bundesliga,frankfurt,"Frankfurt",1664.4,45.8,0,0.0566,0.0472
bundesliga,augsburg,"Augsburg",1645.5,43.6,0,0.0282,0.0702
bundesliga,gladbach,"Gladbach",1617.6,40.4,0,0.0102,0.1352
bundesliga,werder,"Werder",1616.5,40.3,0,0.0092,0.1404
bundesliga,union-berlin,"Union Berlin",1611.1,39.6,0,0.009,0.171
bundesliga,hamburg,"Hamburg",1597.5,38.2,0,0.0064,0.216
bundesliga,koeln,"Koeln",1573.2,35.3,0,0.0016,0.3528
bundesliga,elversberg,"Elversberg",1553.2,33.2,0,0.0006,0.4716
bundesliga,paderborn,"Paderborn",1524.6,30.3,0,0,0.6456
bundesliga,schalke,"Schalke",1519.1,29.5,0,0,0.6892
ligue-1,paris-sg,"Paris SG",1942.3,78.2,0.9144,0.9984,0
ligue-1,lille,"Lille",1765.7,59.1,0.0244,0.581,0.0006
ligue-1,monaco,"Monaco",1754.7,57.5,0.0176,0.4998,0.0006
ligue-1,lens,"Lens",1749.4,57.1,0.0144,0.4814,0.001
ligue-1,lyon,"Lyon",1746.9,56.8,0.0132,0.4664,0.0006
ligue-1,rennes,"Rennes",1724.2,54,0.0062,0.3186,0.003
ligue-1,marseille,"Marseille",1719.2,53.3,0.006,0.2788,0.0048
ligue-1,strasbourg,"Strasbourg",1706.2,51.9,0.0038,0.2246,0.0082
ligue-1,paris-fc,"Paris FC",1640.2,44.3,0,0.0396,0.065
ligue-1,lorient,"Lorient",1639.8,44,0,0.0376,0.0676
ligue-1,toulouse,"Toulouse",1630.7,43.1,0,0.0318,0.0932
ligue-1,brest,"Brest",1628.4,42.7,0,0.0294,0.085
ligue-1,auxerre,"Auxerre",1588.2,38,0,0.0054,0.2382
ligue-1,le-havre,"Le Havre",1567.4,35.8,0,0.0028,0.352
ligue-1,nice,"Nice",1566.1,35.7,0,0.002,0.3536
ligue-1,angers,"Angers",1558.8,34.9,0,0.0024,0.395
ligue-1,troyes,"Troyes",1537.1,32.4,0,0,0.548
ligue-1,le-mans,"Le Mans",1495,28,0,0,0.7836
