Rank,Club,Country,Level,Elo,From,To
1,Bayern München,GER,1,2046,2026-10-03,2026-10-03
2,Arsenal,ENG,1,2040,2026-10-03,2026-10-03
3,Man City,ENG,1,2028,2026-10-03,2026-10-03
4,Barcelona,ESP,1,2024,2026-10-03,2026-10-03
5,Real Madrid,ESP,1,1972,2026-10-03,2026-10-03
6,Paris SG,FRA,1,1956,2026-10-03,2026-10-03
7,Internazionale,ITA,1,1946,2026-10-03,2026-10-03
8,Liverpool,ENG,1,1937,2026-10-03,2026-10-03
9,Atlético,ESP,1,1903,2026-10-03,2026-10-03
10,Dortmund,GER,1,1900,2026-10-03,2026-10-03
11,Aston Villa,ENG,1,1895,2026-10-03,2026-10-03
12,Brighton,ENG,1,1891,2026-10-03,2026-10-03
13,Chelsea,ENG,1,1881,2026-10-03,2026-10-03
14,Newcastle,ENG,1,1879,2026-10-03,2026-10-03
15,Man United,ENG,1,1879,2026-10-03,2026-10-03
16,Leverkusen,GER,1,1870,2026-10-03,2026-10-03
17,Sporting,POR,1,1870,2026-10-03,2026-10-03
18,Flamengo,BRA,1,1870,2026-10-03,2026-10-03
19,Brentford,ENG,1,1862,2026-10-03,2026-10-03
20,Bournemouth,ENG,1,1861,2026-10-03,2026-10-03
21,Roma,ITA,1,1857,2026-10-03,2026-10-03
22,Benfica,POR,1,1854,2026-10-03,2026-10-03
23,Palmeiras,BRA,1,1853,2026-10-03,2026-10-03
24,Juventus,ITA,1,1841,2026-10-03,2026-10-03
25,Porto,POR,1,1839,2026-10-03,2026-10-03
26,Napoli,ITA,1,1833,2026-10-03,2026-10-03
27,Everton,ENG,1,1827,2026-10-03,2026-10-03
28,Crystal Palace,ENG,1,1824,2026-10-03,2026-10-03
29,Milan,ITA,1,1823,2026-10-03,2026-10-03
30,Stuttgart,GER,1,1818,2026-10-03,2026-10-03
31,Betis,ESP,1,1818,2026-10-03,2026-10-03
32,RB Leipzig,GER,1,1816,2026-10-03,2026-10-03
33,Leeds,ENG,1,1816,2026-10-03,2026-10-03
34,Lens,FRA,1,1812,2026-10-03,2026-10-03
35,St Gillis,BEL,1,1812,2026-10-03,2026-10-03
36,Brugge,BEL,1,1809,2026-10-03,2026-10-03
37,Zenit,RUS,1,1809,2026-10-03,2026-10-03
38,Fulham,ENG,1,1807,2026-10-03,2026-10-03
39,Atalanta,ITA,1,1806,2026-10-03,2026-10-03
40,Como,ITA,1,1806,2026-10-03,2026-10-03
41,Forest,ENG,1,1805,2026-10-03,2026-10-03
42,Monaco,FRA,1,1802,2026-10-03,2026-10-03
43,Lyon,FRA,1,1800,2026-10-03,2026-10-03
44,Tottenham,ENG,1,1798,2026-10-03,2026-10-03
45,Villarreal,ESP,1,1798,2026-10-03,2026-10-03
46,Galatasaray,TUR,1,1795,2026-10-03,2026-10-03
47,FC Voluntari,ROU,1,1793,2026-10-03,2026-10-03
48,Freiburg,GER,1,1790,2026-10-03,2026-10-03
49,PSV,NED,1,1784,2026-10-03,2026-10-03
50,Ind del Valle,ECU,1,1783,2026-10-03,2026-10-03
51,Fenerbahçe,TUR,1,1780,2026-10-03,2026-10-03
52,Lille,FRA,1,1779,2026-10-03,2026-10-03
53,Bodø/Glimt,NOR,1,1779,2026-10-03,2026-10-03
54,West Ham,ENG,2,1777,2026-10-03,2026-10-03
55,Lazio,ITA,1,1777,2026-10-03,2026-10-03
56,Boca Juniors,ARG,1,1776,2026-10-03,2026-10-03
57,Cruzeiro,BRA,1,1771,2026-10-03,2026-10-03
58,Real Sociedad,ESP,1,1769,2026-10-03,2026-10-03
59,UR La Louvière C,BEL,1,1768,2026-10-03,2026-10-03
60,Fluminense,BRA,1,1765,2026-10-03,2026-10-03
61,Athletic Club,ESP,1,1764,2026-10-03,2026-10-03
62,FC Krasnodar,RUS,1,1764,2026-10-03,2026-10-03
63,Marseille,FRA,1,1762,2026-10-03,2026-10-03
64,Slavia Praha,CZE,1,1762,2026-10-03,2026-10-03
65,Rennes,FRA,1,1754,2026-10-03,2026-10-03
66,Bologna,ITA,1,1753,2026-10-03,2026-10-03
67,Yantra,BUL,1,1752,2026-10-03,2026-10-03
68,Celta,ESP,1,1750,2026-10-03,2026-10-03
69,Ub Conquense,ESP,3,1747,2026-10-03,2026-10-03
70,Al Hilal,KSA,1,1747,2026-10-03,2026-10-03
71,Rayo Vallecano,ESP,1,1744,2026-10-03,2026-10-03
72,Mainz,GER,1,1742,2026-10-03,2026-10-03
73,Strasbourg,FRA,1,1742,2026-10-03,2026-10-03
74,Valencia,ESP,1,1741,2026-10-03,2026-10-03
75,Argentinos Junio,ARG,1,1741,2026-10-03,2026-10-03
76,Frankfurt,GER,1,1740,2026-10-03,2026-10-03
77,Sunderland,ENG,1,1737,2026-10-03,2026-10-03
78,Rosario Central,ARG,1,1736,2026-10-03,2026-10-03
79,Bahia,BRA,1,1732,2026-10-03,2026-10-03
80,River Plate,ARG,1,1732,2026-10-03,2026-10-03
81,Ind Rivadavia,ARG,1,1731,2026-10-03,2026-10-03
82,Braga,POR,1,1730,2026-10-03,2026-10-03
83,Ath Paranaense,BRA,1,1730,2026-10-03,2026-10-03
84,Atlético Naciona,COL,1,1729,2026-10-03,2026-10-03
85,Hoffenheim,GER,1,1728,2026-10-03,2026-10-03
86,Vélez Sarsfield,ARG,1,1728,2026-10-03,2026-10-03
87,Toluca,MEX,1,1727,2026-10-03,2026-10-03
88,Wolves,ENG,2,1726,2026-10-03,2026-10-03
89,Sevilla,ESP,1,1725,2026-10-03,2026-10-03
90,Augsburg,GER,1,1724,2026-10-03,2026-10-03
91,Alaves,ESP,1,1723,2026-10-03,2026-10-03
92,Spartak Moskva,RUS,1,1722,2026-10-03,2026-10-03
93,Girona,ESP,2,1721,2026-10-03,2026-10-03
94,Fiorentina,ITA,1,1721,2026-10-03,2026-10-03
95,São Paulo,BRA,1,1720,2026-10-03,2026-10-03
96,Santos,BRA,1,1720,2026-10-03,2026-10-03
97,Olympiakos,GRE,1,1720,2026-10-03,2026-10-03
98,Atlético Mineiro,BRA,1,1719,2026-10-03,2026-10-03
99,Mirassol,BRA,1,1718,2026-10-03,2026-10-03
100,Feyenoord,NED,1,1718,2026-10-03,2026-10-03
101,Estudiantes,ARG,1,1718,2026-10-03,2026-10-03
102,Osasuna,ESP,1,1717,2026-10-03,2026-10-03
103,Corinthians,BRA,1,1717,2026-10-03,2026-10-03
104,Botafogo,BRA,1,1717,2026-10-03,2026-10-03
105,Midtjylland,DEN,1,1716,2026-10-03,2026-10-03
106,Cruz Azul,MEX,1,1712,2026-10-03,2026-10-03
107,Mallorca,ESP,2,1711,2026-10-03,2026-10-03
108,Bodoe Glimt,NOR,1,1708.89233398,2026-08-31,2026-12-31
109,Levante,ESP,1,1708,2026-10-03,2026-10-03
110,América,MEX,1,1708,2026-10-03,2026-10-03
111,Amed SK,TUR,1,1706,2026-10-03,2026-10-03
112,LDU Quito,ECU,1,1706,2026-10-03,2026-10-03
113,Racing Club,ARG,1,1706,2026-10-03,2026-10-03
114,Paris FC,FRA,1,1705,2026-10-03,2026-10-03
115,Vasco da Gama,BRA,1,1704,2026-10-03,2026-10-03
116,AEK,GRE,1,1704,2026-10-03,2026-10-03
117,Elche,ESP,1,1701,2026-10-03,2026-10-03
118,Getafe,ESP,1,1700,2026-10-03,2026-10-03
119,Southampton,ENG,2,1699,2026-10-03,2026-10-03
120,Novorizontino,BRA,2,1699,2026-10-03,2026-10-03
121,Besiktas,TUR,1,1699,2026-10-03,2026-10-03
122,Lanús,ARG,1,1699,2026-10-03,2026-10-03
123,Peñarol,URU,1,1699,2026-10-03,2026-10-03
124,Espanyol,ESP,1,1697,2026-10-03,2026-10-03
125,Sassuolo,ITA,1,1697,2026-10-03,2026-10-03
126,Belgrano,ARG,1,1697,2026-10-03,2026-10-03
127,Kashima Antlers,JPN,1,1697,2026-10-03,2026-10-03
128,Udinese,ITA,1,1696,2026-10-03,2026-10-03
129,Dynamo Moskva,RUS,1,1696,2026-10-03,2026-10-03
130,La Roche VF,FRA,3,1695,2026-10-03,2026-10-03
131,Ipswich,ENG,1,1694,2026-10-03,2026-10-03
132,Castellon,ESP,2,1694,2026-10-03,2026-10-03
133,FC Kobenhavn,DEN,1,1694,2026-10-03,2026-10-03
134,Viking,NOR,1,1693,2026-10-03,2026-10-03
135,Almeria,ESP,2,1692,2026-10-03,2026-10-03
136,Huracán,ARG,1,1692,2026-10-03,2026-10-03
137,Depor,ESP,1,1691,2026-10-03,2026-10-03
138,AZ,NED,1,1691,2026-10-03,2026-10-03
139,Frosinone,ITA,1,1690,2026-10-03,2026-10-03
140,Bragantino,BRA,1,1690,2026-10-03,2026-10-03
141,Independiente,ARG,1,1690,2026-10-03,2026-10-03
142,Colo-Colo,CHI,1,1690,2026-10-03,2026-10-03
143,Coventry,ENG,1,1689,2026-10-03,2026-10-03
144,Internacional,BRA,1,1689,2026-10-03,2026-10-03
145,Fortaleza,BRA,2,1689,2026-10-03,2026-10-03
146,Instituto,ARG,1,1689,2026-10-03,2026-10-03
147,Shakhtar,UKR,1,1689,2026-10-03,2026-10-03
148,Eibar,ESP,2,1688,2026-10-03,2026-10-03
149,Toulouse,FRA,1,1688,2026-10-03,2026-10-03
150,Lorient,FRA,1,1688,2026-10-03,2026-10-03
151,Grêmio,BRA,1,1688,2026-10-03,2026-10-03
152,Werder,GER,1,1687,2026-10-03,2026-10-03
153,Ajax,NED,1,1687,2026-10-03,2026-10-03
154,Santander,ESP,1,1685,2026-10-03,2026-10-03
155,Uni Catolica,ECU,1,1685,2026-10-03,2026-10-03
156,Al Nassr,KSA,1,1685,2026-10-03,2026-10-03
157,CSKA Moskva,RUS,1,1684,2026-10-03,2026-10-03
158,Bolívar,BOL,1,1684,2026-10-03,2026-10-03
159,Vissel Kobe,JPN,1,1683,2026-10-03,2026-10-03
160,Torino,ITA,1,1682,2026-10-03,2026-10-03
161,Gimnasia LP,ARG,1,1682,2026-10-03,2026-10-03
162,Nashville,USA,1,1682,2026-10-03,2026-10-03
163,Sanfrecce Hirosh,JPN,1,1681,2026-10-03,2026-10-03
164,Inter Miami,USA,1,1679,2026-10-03,2026-10-03
165,Cagliari,ITA,1,1678,2026-10-03,2026-10-03
166,Bilbao,ESP,1,1677.90063477,2026-08-31,2026-12-31
167,Wolfsburg,GER,2,1677,2026-10-03,2026-10-03
168,Union Berlin,GER,1,1676,2026-10-03,2026-10-03
169,Genk,BEL,1,1676,2026-10-03,2026-10-03
170,Elversberg,GER,1,1675,2026-10-03,2026-10-03
171,FC Machida Zelvi,JPN,1,1675,2026-10-03,2026-10-03
172,Guadalajara,MEX,1,1674,2026-10-03,2026-10-03
173,Lech,POL,1,1674,2026-10-03,2026-10-03
174,Celtic,SCO,1,1673,2026-10-03,2026-10-03
175,Gladbach,GER,1,1672,2026-10-03,2026-10-03
176,Brest,FRA,1,1672,2026-10-03,2026-10-03
177,América de Cali,COL,1,1672,2026-10-03,2026-10-03
178,Dinamo Zagreb,CRO,1,1672,2026-10-03,2026-10-03
179,Hamburg,GER,1,1671,2026-10-03,2026-10-03
180,Criciúma,BRA,2,1670,2026-10-03,2026-10-03
181,UANL,MEX,1,1670,2026-10-03,2026-10-03
182,PAOK,GRE,1,1670,2026-10-03,2026-10-03
183,Juventude,BRA,2,1669,2026-10-03,2026-10-03
184,Nice,FRA,1,1667,2026-10-03,2026-10-03
185,Twente,NED,1,1666,2026-10-03,2026-10-03
186,Paderborn,GER,1,1665,2026-10-03,2026-10-03
187,Malaga,ESP,1,1665,2026-10-03,2026-10-03
188,Cerro Porteño,PAR,1,1665,2026-10-03,2026-10-03
189,Ferencvaros,HUN,1,1665,2026-10-03,2026-10-03
190,Burgos,ESP,2,1664,2026-10-03,2026-10-03
191,Las Palmas,ESP,2,1664,2026-10-03,2026-10-03
192,Trabzonspor,TUR,1,1664,2026-10-03,2026-10-03
193,Crvena Zvezda,SRB,1,1664,2026-10-03,2026-10-03
194,Anderlecht,BEL,1,1663,2026-10-03,2026-10-03
195,Uni de Chile,CHI,1,1662,2026-10-03,2026-10-03
196,Vitória,BRA,1,1661,2026-10-03,2026-10-03
197,Santa Fe,COL,1,1661,2026-10-03,2026-10-03
198,Uni Católica,CHI,1,1661,2026-10-03,2026-10-03
199,Vancouver,USA,1,1661,2026-10-03,2026-10-03
200,Genoa,ITA,1,1660,2026-10-03,2026-10-03
201,DIM,COL,1,1658,2026-10-03,2026-10-03
202,Club Olimpia,PAR,1,1658,2026-10-03,2026-10-03
203,RB Salzburg,AUT,1,1658,2026-10-03,2026-10-03
204,Hertha,GER,2,1655,2026-10-03,2026-10-03
205,Macará,ECU,1,1655,2026-10-03,2026-10-03
206,Atl Goianiense,BRA,2,1654,2026-10-03,2026-10-03
207,Tigre,ARG,1,1654,2026-10-03,2026-10-03
208,LAFC,USA,1,1654,2026-10-03,2026-10-03
209,Köln,GER,1,1652,2026-10-03,2026-10-03
210,Sparta Praha,CZE,1,1652,2026-10-03,2026-10-03
211,Panathinaikos,GRE,1,1652,2026-10-03,2026-10-03
212,Auxerre,FRA,1,1651,2026-10-03,2026-10-03
213,Middlesbrough,ENG,2,1650,2026-10-03,2026-10-03
214,Coritiba,BRA,1,1650,2026-10-03,2026-10-03
215,Al Ahli SFC,KSA,1,1650,2026-10-03,2026-10-03
216,Schalke,GER,1,1649,2026-10-03,2026-10-03
217,GyE Mendoza,ARG,1,1649,2026-10-03,2026-10-03
218,Nacional,URU,1,1649,2026-10-03,2026-10-03
219,Parma,ITA,1,1648,2026-10-03,2026-10-03
220,Millonarios,COL,1,1648,2026-10-03,2026-10-03
221,Tolima,COL,1,1648,2026-10-03,2026-10-03
222,Palermo,ITA,2,1647,2026-10-03,2026-10-03
223,Burnley,ENG,2,1646,2026-10-03,2026-10-03
224,Pachuca,MEX,1,1646,2026-10-03,2026-10-03
225,Philadelphia,USA,1,1646,2026-10-03,2026-10-03
226,Venezia,ITA,1,1645,2026-10-03,2026-10-03
227,San Lorenzo,ARG,1,1645,2026-10-03,2026-10-03
228,Grosseto,ITA,3,1644,2026-10-03,2026-10-03
229,Defensa y Justic,ARG,1,1644,2026-10-03,2026-10-03
230,Barcelona,ECU,1,1643,2026-10-03,2026-10-03
231,Talleres,ARG,1,1643,2026-10-03,2026-10-03
232,Atlético Tucumán,ARG,1,1643,2026-10-03,2026-10-03
233,Nordsjaelland,DEN,1,1643,2026-10-03,2026-10-03
234,Omonia,CYP,1,1643,2026-10-03,2026-10-03
235,Monza,ITA,1,1642,2026-10-03,2026-10-03
236,Lugano,SUI,1,1642,2026-10-03,2026-10-03
237,Heidenheim,GER,2,1640,2026-10-03,2026-10-03
238,Millwall,ENG,2,1639,2026-10-03,2026-10-03
239,Cuiabá,BRA,2,1639,2026-10-03,2026-10-03
240,Lok Moskva,RUS,1,1638,2026-10-03,2026-10-03
241,Náutico,BRA,2,1637,2026-10-03,2026-10-03
242,Ceará,BRA,2,1637,2026-10-03,2026-10-03
243,Bucaramanga,COL,1,1637,2026-10-03,2026-10-03
244,LASK,AUT,1,1637,2026-10-03,2026-10-03
245,Oviedo,ESP,2,1636,2026-10-03,2026-10-03
246,Unión de Santa F,ARG,1,1636,2026-10-03,2026-10-03
247,Poblense,ESP,3,1635,2026-10-03,2026-10-03
248,Monterrey,MEX,1,1635,2026-10-03,2026-10-03
249,Coquimbo,CHI,1,1635,2026-10-03,2026-10-03
250,Hull,ENG,1,1634,2026-10-03,2026-10-03
251,Remo,BRA,1,1634,2026-10-03,2026-10-03
252,Bandırmaspor,TUR,2,1634,2026-10-03,2026-10-03
253,Al Qadsiah,KSA,1,1634,2026-10-03,2026-10-03
254,Reims,FRA,2,1633,2026-10-03,2026-10-03
255,Gent,BEL,1,1632,2026-10-03,2026-10-03
256,Mamelodi Sundown,RSA,1,1632,2026-10-03,2026-10-03
257,Hannover,GER,2,1631,2026-10-03,2026-10-03
258,Sturm Graz,AUT,1,1631,2026-10-03,2026-10-03
259,Başakşehir,TUR,1,1629,2026-10-03,2026-10-03
260,Platense,ARG,1,1629,2026-10-03,2026-10-03
261,Viktoria Plzeň,CZE,1,1629,2026-10-03,2026-10-03
262,Club Nacional,PAR,1,1629,2026-10-03,2026-10-03
263,Newell's Old Boy,ARG,1,1628,2026-10-03,2026-10-03
264,Atlético Junior,COL,1,1628,2026-10-03,2026-10-03
265,UNAM,MEX,1,1628,2026-10-03,2026-10-03
266,Charleroi,BEL,1,1627,2026-10-03,2026-10-03
267,Madryn,ARG,2,1626,2026-10-03,2026-10-03
268,CR Brasil,BRA,2,1625,2026-10-03,2026-10-03
269,Beer-Sheva,ISR,1,1625,2026-10-03,2026-10-03
270,Godoy Cruz,ARG,2,1624,2026-10-03,2026-10-03
271,Gijon,ESP,2,1623,2026-10-03,2026-10-03
272,Vila Nova GO,BRA,2,1623,2026-10-03,2026-10-03
273,Barracas Central,ARG,1,1623,2026-10-03,2026-10-03
274,Birmingham,ENG,2,1622,2026-10-03,2026-10-03
275,Hammarby,SWE,1,1622,2026-10-03,2026-10-03
276,Always Ready,BOL,1,1621,2026-10-03,2026-10-03
277,St. Louis City,USA,1,1621,2026-10-03,2026-10-03
278,Angers,FRA,1,1620,2026-10-03,2026-10-03
279,Tristan Suárez,ARG,2,1620,2026-10-03,2026-10-03
280,Tenerife,ESP,2,1619,2026-10-03,2026-10-03
281,Guadalajara,ESP,3,1619,2026-10-03,2026-10-03
282,Waasland-Beveren,BEL,1,1619,2026-10-03,2026-10-03
283,FC Tokyo,JPN,1,1619,2026-10-03,2026-10-03
284,Legia,POL,1,1619,2026-10-03,2026-10-03
285,Goiás,BRA,2,1618,2026-10-03,2026-10-03
286,Nürnberg,GER,2,1617,2026-10-03,2026-10-03
287,Wrexham,ENG,2,1617,2026-10-03,2026-10-03
288,São Bernardo,BRA,2,1617,2026-10-03,2026-10-03
289,Central Córdoba,ARG,1,1617,2026-10-03,2026-10-03
290,Once Caldas,COL,1,1617,2026-10-03,2026-10-03
291,Kashiwa Reysol,JPN,1,1617,2026-10-03,2026-10-03
292,Riestra,ARG,1,1616,2026-10-03,2026-10-03
293,Sarmiento,ARG,1,1616,2026-10-03,2026-10-03
294,Rangers,SCO,1,1616,2026-10-03,2026-10-03
295,Young Boys,SUI,1,1616,2026-10-03,2026-10-03
296,Universitario,PER,1,1616,2026-10-03,2026-10-03
297,Alianza Lima,PER,1,1616,2026-10-03,2026-10-03
298,Lecce,ITA,1,1615,2026-10-03,2026-10-03
299,Seattle Sounders,USA,1,1615,2026-10-03,2026-10-03
300,Swansea,ENG,2,1614,2026-10-03,2026-10-03
301,Sport,BRA,2,1614,2026-10-03,2026-10-03
302,Deportivo Morón,ARG,2,1614,2026-10-03,2026-10-03
303,Famalicao,POR,1,1613,2026-10-03,2026-10-03
304,Aucas,ECU,1,1613,2026-10-03,2026-10-03
305,The Strongest,BOL,1,1613,2026-10-03,2026-10-03
306,Saint-Etienne,FRA,2,1612,2026-10-03,2026-10-03
307,Operário,BRA,2,1612,2026-10-03,2026-10-03
308,St Truiden,BEL,1,1612,2026-10-03,2026-10-03
309,San Diego FC,USA,1,1612,2026-10-03,2026-10-03
310,FC Dallas,USA,1,1612,2026-10-03,2026-10-03
311,Djurgarden,SWE,1,1612,2026-10-03,2026-10-03
312,St Pauli,GER,2,1611,2026-10-03,2026-10-03
313,Norwich,ENG,2,1611,2026-10-03,2026-10-03
314,Temperley,ARG,2,1611,2026-10-03,2026-10-03
315,Maccabi Tel Aviv,ISR,1,1611,2026-10-03,2026-10-03
316,Lincoln City,ENG,2,1610,2026-10-03,2026-10-03
317,Leganes,ESP,2,1610,2026-10-03,2026-10-03
318,Ferrocarril Midl,ARG,2,1610,2026-10-03,2026-10-03
319,Guaraní,PAR,1,1610,2026-10-03,2026-10-03
320,Sheffield United,ENG,2,1609,2026-10-03,2026-10-03
321,Granada,ESP,2,1608,2026-10-03,2026-10-03
322,Jeonbuk FC,KOR,1,1608,2026-10-03,2026-10-03
323,Lautern,GER,2,1607,2026-10-03,2026-10-03
324,Cremonese,ITA,2,1607,2026-10-03,2026-10-03
325,Le Havre,FRA,1,1606,2026-10-03,2026-10-03
326,Tijuana,MEX,1,1606,2026-10-03,2026-10-03
327,Baltika,RUS,1,1605,2026-10-03,2026-10-03
328,Kawasaki Frontal,JPN,1,1605,2026-10-03,2026-10-03
329,Jagiellonia,POL,1,1605,2026-10-03,2026-10-03
330,Charlotte,USA,1,1604,2026-10-03,2026-10-03
331,FC Seoul,KOR,1,1604,2026-10-03,2026-10-03
332,Troyes,FRA,1,1603,2026-10-03,2026-10-03
333,Libertad,PAR,1,1603,2026-10-03,2026-10-03
334,GE Jujuy,ARG,2,1602,2026-10-03,2026-10-03
335,Bochum,GER,2,1601,2026-10-03,2026-10-03
336,Karabakh Agdam,AZE,1,1601,2026-10-03,2026-10-03
337,Albacete,ESP,2,1600,2026-10-03,2026-10-03
338,Athletic,BRA,2,1600,2026-10-03,2026-10-03
339,Göztepe,TUR,1,1600,2026-10-03,2026-10-03
340,Aarhus,DEN,1,1600,2026-10-03,2026-10-03
341,Torque,URU,1,1599,2026-10-03,2026-10-03
342,Columbus,USA,1,1599,2026-10-03,2026-10-03
343,Sportivo Trinide,PAR,1,1599,2026-10-03,2026-10-03
344,Al Ahly,EGY,1,1598,2026-10-03,2026-10-03
345,Villarreal B,ESP,3,1597,2026-10-03,2026-10-03
346,Banfield,ARG,1,1597,2026-10-03,2026-10-03
347,Deportivo Cali,COL,1,1597,2026-10-03,2026-10-03
348,Le Mans,FRA,1,1596,2026-10-03,2026-10-03
349,Samsunspor,TUR,1,1596,2026-10-03,2026-10-03
350,Libertad de Loja,ECU,1,1595,2026-10-03,2026-10-03
351,NYC FC,USA,1,1595,2026-10-03,2026-10-03
352,Cincinnati,USA,1,1595,2026-10-03,2026-10-03
353,Larnaca,CYP,1,1595,2026-10-03,2026-10-03
354,St. Gallen,SUI,1,1595,2026-10-03,2026-10-03
355,O'Higgins,CHI,1,1594,2026-10-03,2026-10-03
356,Chapecoense,BRA,1,1593,2026-10-03,2026-10-03
357,San Juan,ARG,2,1593,2026-10-03,2026-10-03
358,Cordoba,ESP,2,1592,2026-10-03,2026-10-03
359,Querétaro,MEX,1,1592,2026-10-03,2026-10-03
360,Yokohama F. Mari,JPN,1,1592,2026-10-03,2026-10-03
361,West Brom,ENG,2,1591,2026-10-03,2026-10-03
362,Chicago Fire,USA,1,1591,2026-10-03,2026-10-03
363,Eldense,ESP,2,1590,2026-10-03,2026-10-03
364,FC Andorra,ESP,2,1590,2026-10-03,2026-10-03
365,Ferro,ARG,2,1590,2026-10-03,2026-10-03
366,Liverpool,URU,1,1590,2026-10-03,2026-10-03
367,Orlando City,USA,1,1590,2026-10-03,2026-10-03
368,Gimnasia y Tiro,ARG,2,1589,2026-10-03,2026-10-03
369,Cerezo Osaka,JPN,1,1589,2026-10-03,2026-10-03
370,Brann,NOR,1,1588,2026-10-03,2026-10-03
371,Al Ittihad,KSA,1,1588,2026-10-03,2026-10-03
372,Houston Dynamo,USA,1,1588,2026-10-03,2026-10-03
373,Paphos,CYP,1,1588,2026-10-03,2026-10-03
374,Pyramids FC,EGY,1,1588,2026-10-03,2026-10-03
375,Rakow,POL,1,1587,2026-10-03,2026-10-03
376,Sabadell,ESP,2,1586,2026-10-03,2026-10-03
377,Kocaelispor,TUR,1,1586,2026-10-03,2026-10-03
378,Estudiantes de C,ARG,2,1586,2026-10-03,2026-10-03
379,Atlante,MEX,1,1586,2026-10-03,2026-10-03
380,Audax Italiano,CHI,1,1586,2026-10-03,2026-10-03
381,Holstein,GER,2,1585,2026-10-03,2026-10-03
382,Nijmegen,NED,1,1585,2026-10-03,2026-10-03
383,Standard,BEL,1,1584,2026-10-03,2026-10-03
384,Rubin Kazan,RUS,1,1583,2026-10-03,2026-10-03
385,Rostov,RUS,1,1583,2026-10-03,2026-10-03
386,Viborg,DEN,1,1583,2026-10-03,2026-10-03
387,Gornik,POL,1,1583,2026-10-03,2026-10-03
388,Darmstadt,GER,2,1582,2026-10-03,2026-10-03
389,Bristol City,ENG,2,1582,2026-10-03,2026-10-03
390,Pogon,POL,1,1582,2026-10-03,2026-10-03
391,Craiova,ROU,1,1582,2026-10-03,2026-10-03
392,Antwerp,BEL,1,1581,2026-10-03,2026-10-03
393,Erzurum,TUR,1,1581,2026-10-03,2026-10-03
394,Urawa Reds,JPN,1,1581,2026-10-03,2026-10-03
395,Magdeburg,GER,2,1580,2026-10-03,2026-10-03
396,Leicester,ENG,3,1580,2026-10-03,2026-10-03
397,Verona,ITA,2,1580,2026-10-03,2026-10-03
398,SM Tucuman,ARG,2,1580,2026-10-03,2026-10-03
399,Dynamo Kyiv,UKR,1,1580,2026-10-03,2026-10-03
400,Hajduk,CRO,1,1580,2026-10-03,2026-10-03
401,Red Star,FRA,2,1579,2026-10-03,2026-10-03
402,Montpellier,FRA,2,1579,2026-10-03,2026-10-03
403,Alanyaspor,TUR,1,1579,2026-10-03,2026-10-03
404,Sion,SUI,1,1579,2026-10-03,2026-10-03
405,Mirandes,ESP,3,1578,2026-10-03,2026-10-03
406,Racing,URU,1,1578,2026-10-03,2026-10-03
407,Levski,BUL,1,1578,2026-10-03,2026-10-03
408,Maipú,ARG,2,1577,2026-10-03,2026-10-03
409,Brondby,DEN,1,1577,2026-10-03,2026-10-03
410,Blackburn,ENG,2,1576,2026-10-03,2026-10-03
411,Nantes,FRA,2,1576,2026-10-03,2026-10-03
412,Westerlo,BEL,1,1575,2026-10-03,2026-10-03
413,Atlanta,ARG,2,1575,2026-10-03,2026-10-03
414,Sirius,SWE,1,1575,2026-10-03,2026-10-03
415,Catanzaro,ITA,2,1574,2026-10-03,2026-10-03
416,Avaí,BRA,2,1574,2026-10-03,2026-10-03
417,Ferroviária SP,BRA,3,1574,2026-10-03,2026-10-03
418,Utrecht,NED,1,1574,2026-10-03,2026-10-03
419,Maldonado,URU,1,1574,2026-10-03,2026-10-03
420,Real Sociedad B,ESP,2,1573,2026-10-03,2026-10-03
421,Santa Clara,POR,1,1573,2026-10-03,2026-10-03
422,Thun,SUI,1,1573,2026-10-03,2026-10-03
423,QPR,ENG,2,1572,2026-10-03,2026-10-03
424,RC Celta B,ESP,2,1572,2026-10-03,2026-10-03
425,Ponferradina,ESP,3,1572,2026-10-03,2026-10-03
426,Juventud Torremo,ESP,3,1572,2026-10-03,2026-10-03
427,Cannes,FRA,3,1572,2026-10-03,2026-10-03
428,Arouca,POR,1,1572,2026-10-03,2026-10-03
429,Bodrum,TUR,2,1572,2026-10-03,2026-10-03
430,Guayaquil,ECU,1,1572,2026-10-03,2026-10-03
431,Atlas,MEX,1,1572,2026-10-03,2026-10-03
432,Bielefeld,GER,2,1571,2026-10-03,2026-10-03
433,Mushuc Runa,ECU,1,1571,2026-10-03,2026-10-03
434,Tromsø,NOR,1,1571,2026-10-03,2026-10-03
435,Palestino,CHI,1,1571,2026-10-03,2026-10-03
436,Rapid Wien,AUT,1,1571,2026-10-03,2026-10-03
437,Guimaraes,POR,1,1570,2026-10-03,2026-10-03
438,Gamba Osaka,JPN,1,1570,2026-10-03,2026-10-03
439,Derby,ENG,2,1569,2026-10-03,2026-10-03
440,Cardiff,ENG,2,1569,2026-10-03,2026-10-03
441,Rizespor,TUR,1,1569,2026-10-03,2026-10-03
442,Leones del Norte,ECU,1,1569,2026-10-03,2026-10-03
443,Emelec,ECU,1,1569,2026-10-03,2026-10-03
444,San Jose,USA,1,1569,2026-10-03,2026-10-03
445,FAR,MAR,1,1569,2026-10-03,2026-10-03
446,Shabab Al Ahli C,UAE,1,1569,2026-10-03,2026-10-03
447,Tractor Sazi,IRN,1,1569,2026-10-03,2026-10-03
448,Rosenborg,NOR,1,1568,2026-10-03,2026-10-03
449,Aldosivi,ARG,1,1568,2026-10-03,2026-10-03
450,NE Revolution,USA,1,1568,2026-10-03,2026-10-03
451,Karlsruhe,GER,2,1567,2026-10-03,2026-10-03
452,Metz,FRA,2,1567,2026-10-03,2026-10-03
453,Zulte Waregem,BEL,1,1567,2026-10-03,2026-10-03
454,Çorum FK,TUR,2,1567,2026-10-03,2026-10-03
455,Ñublense,CHI,1,1567,2026-10-03,2026-10-03
456,Sportivo Amelian,PAR,1,1567,2026-10-03,2026-10-03
457,Gyoer,HUN,1,1567,2026-10-03,2026-10-03
458,Kasimpasa,TUR,1,1566,2026-10-03,2026-10-03
459,Orlando Pirates,RSA,1,1566,2026-10-03,2026-10-03
460,León,MEX,1,1565,2026-10-03,2026-10-03
461,Daejeon Hana Cit,KOR,1,1565,2026-10-03,2026-10-03
462,Rodez,FRA,2,1564,2026-10-03,2026-10-03
463,Gil Vicente,POR,1,1564,2026-10-03,2026-10-03
464,CA Ceuta,ESP,2,1563,2026-10-03,2026-10-03
465,Colón de Santa F,ARG,2,1563,2026-10-03,2026-10-03
466,Minnesota Utd,USA,1,1563,2026-10-03,2026-10-03
467,Sabah FK,AZE,1,1563,2026-10-03,2026-10-03
468,Basel,SUI,1,1562,2026-10-03,2026-10-03
469,Colegiales de Mu,ARG,2,1561,2026-10-03,2026-10-03
470,Hradec Kralove,CZE,1,1561,2026-10-03,2026-10-03
471,Maritzburg Unite,RSA,1,1561,2026-10-03,2026-10-03
472,Johor Darul Ta’z,MAS,1,1561,2026-10-03,2026-10-03
473,Botafogo SP,BRA,2,1560,2026-10-03,2026-10-03
474,Gangwon FC,KOR,1,1560,2026-10-03,2026-10-03
475,Stoke,ENG,2,1559,2026-10-03,2026-10-03
476,Genclerbirligi,TUR,1,1559,2026-10-03,2026-10-03
477,Al Ain,UAE,1,1559,2026-10-03,2026-10-03
478,Modena,ITA,2,1558,2026-10-03,2026-10-03
479,Vicenza,ITA,3,1558,2026-10-03,2026-10-03
480,San Luis,MEX,1,1558,2026-10-03,2026-10-03
481,Limache,CHI,1,1558,2026-10-03,2026-10-03
482,Portland Timbers,USA,1,1558,2026-10-03,2026-10-03
483,Düsseldorf,GER,2,1557,2026-10-03,2026-10-03
484,Real Madrid B,ESP,3,1557,2026-10-03,2026-10-03
485,Molde,NOR,1,1557,2026-10-03,2026-10-03
486,Everton,CHI,1,1557,2026-10-03,2026-10-03
487,Melgar,PER,1,1557,2026-10-03,2026-10-03
488,Dresden,GER,2,1556,2026-10-03,2026-10-03
489,Pontevedra,ESP,3,1556,2026-10-03,2026-10-03
490,Figueirense,BRA,3,1556,2026-10-03,2026-10-03
491,Orense,ECU,1,1556,2026-10-03,2026-10-03
492,Elfsborg,SWE,1,1556,2026-10-03,2026-10-03
493,Malmö,SWE,1,1556,2026-10-03,2026-10-03
494,Osnabrück,GER,2,1555,2026-10-03,2026-10-03
495,Atletico B,ESP,3,1555,2026-10-03,2026-10-03
496,Fagiano Okayama,JPN,1,1555,2026-10-03,2026-10-03
497,LA Galaxy,USA,1,1555,2026-10-03,2026-10-03
498,Portsmouth,ENG,2,1554,2026-10-03,2026-10-03
499,Stockport,ENG,3,1554,2026-10-03,2026-10-03
500,Huesca,ESP,3,1554,2026-10-03,2026-10-03
501,Annecy,FRA,2,1554,2026-10-03,2026-10-03
502,Slovan,SVK,1,1554,2026-10-03,2026-10-03
503,Chengdu Rongchen,CHN,1,1553,2026-10-03,2026-10-03
504,Zaragoza,ESP,3,1552,2026-10-03,2026-10-03
505,Benevento,ITA,3,1552,2026-10-03,2026-10-03
506,Heerenveen,NED,1,1552,2026-10-03,2026-10-03
507,Quilmes,ARG,2,1552,2026-10-03,2026-10-03
508,Slovan Liberec,CZE,1,1552,2026-10-03,2026-10-03
509,Nagoya Grampus,JPN,1,1552,2026-10-03,2026-10-03
510,Katowice,POL,1,1552,2026-10-03,2026-10-03
511,Deportivo Sapris,CRC,1,1552,2026-10-03,2026-10-03
512,Cadiz,ESP,2,1551,2026-10-03,2026-10-03
513,Spezia,ITA,3,1551,2026-10-03,2026-10-03
514,Go Ahead Eagles,NED,1,1551,2026-10-03,2026-10-03
515,Terek Grozny,RUS,1,1550,2026-10-03,2026-10-03
516,Rijeka,CRO,1,1550,2026-10-03,2026-10-03
517,Sporting Cristal,PER,1,1550,2026-10-03,2026-10-03
518,Cottbus,GER,2,1549,2026-10-03,2026-10-03
519,Valladolid,ESP,2,1549,2026-10-03,2026-10-03
520,Cuenca,ECU,1,1549,2026-10-03,2026-10-03
521,Kyoto Purple San,JPN,1,1549,2026-10-03,2026-10-03
522,Servette FC,SUI,1,1549,2026-10-03,2026-10-03
523,Maccabi Haifa,ISR,1,1549,2026-10-03,2026-10-03
524,Razgrad,BUL,1,1549,2026-10-03,2026-10-03
525,Barcelona B,ESP,3,1548,2026-10-03,2026-10-03
526,Moreirense,POR,1,1548,2026-10-03,2026-10-03
527,Inter de Limeira,BRA,3,1548,2026-10-03,2026-10-03
528,Maringá PR,BRA,3,1548,2026-10-03,2026-10-03
529,Austin,USA,1,1548,2026-10-03,2026-10-03
530,2 de Mayo,PAR,1,1548,2026-10-03,2026-10-03
531,GAIS,SWE,1,1548,2026-10-03,2026-10-03
532,Al Sadd,QAT,1,1548,2026-10-03,2026-10-03
533,Union Brescia,ITA,3,1547,2026-10-03,2026-10-03
534,Guarani,BRA,3,1547,2026-10-03,2026-10-03
535,Huachipato,CHI,1,1547,2026-10-03,2026-10-03
536,Polissya Zhytomy,UKR,1,1547,2026-10-03,2026-10-03
537,Hearts,SCO,1,1547,2026-10-03,2026-10-03
538,Austria Wien,AUT,1,1547,2026-10-03,2026-10-03
539,Charlton,ENG,2,1546,2026-10-03,2026-10-03
540,CE Europa,ESP,3,1546,2026-10-03,2026-10-03
541,Dijon,FRA,2,1546,2026-10-03,2026-10-03
542,Santa Cruz,BRA,3,1546,2026-10-03,2026-10-03
543,Mechelen,BEL,1,1546,2026-10-03,2026-10-03
544,Kryliya Sovetov,RUS,1,1546,2026-10-03,2026-10-03
545,Águilas Doradas,COL,1,1546,2026-10-03,2026-10-03
546,Ulsan,KOR,1,1546,2026-10-03,2026-10-03
547,Persepolis,IRN,1,1546,2026-10-03,2026-10-03
548,Plymouth,ENG,3,1545,2026-10-03,2026-10-03
549,Zamora,ESP,3,1545,2026-10-03,2026-10-03
550,Botafogo PB,BRA,3,1545,2026-10-03,2026-10-03
551,Río Cuarto,ARG,1,1545,2026-10-03,2026-10-03
552,Iraklis,GRE,1,1545,2026-10-03,2026-10-03
553,Real Salt Lake,USA,1,1545,2026-10-03,2026-10-03
554,Gimcheon Sangmu,KOR,1,1545,2026-10-03,2026-10-03
555,Luton,ENG,3,1544,2026-10-03,2026-10-03
556,Jablonec,CZE,1,1544,2026-10-03,2026-10-03
557,Wisla,POL,1,1544,2026-10-03,2026-10-03
558,LD Alajuelense,CRC,1,1544,2026-10-03,2026-10-03
559,Deportivo Táchir,VEN,1,1544,2026-10-03,2026-10-03
560,Cercle Brugge,BEL,1,1543,2026-10-03,2026-10-03
561,Murcia,ESP,3,1542,2026-10-03,2026-10-03
562,Mantova,ITA,2,1542,2026-10-03,2026-10-03
563,Deportes Concepc,CHI,1,1542,2026-10-03,2026-10-03
564,ES Tunis,TUN,1,1542,2026-10-03,2026-10-03
565,JS Saoura,ALG,1,1542,2026-10-03,2026-10-03
566,Sant Andreu,ESP,3,1541,2026-10-03,2026-10-03
567,Pisa,ITA,2,1541,2026-10-03,2026-10-03
568,Gaziantep,TUR,1,1541,2026-10-03,2026-10-03
569,Real Potosi,BOL,1,1541,2026-10-03,2026-10-03
570,Colorado Rapids,USA,1,1541,2026-10-03,2026-10-03
571,Empoli,ITA,2,1540,2026-10-03,2026-10-03
572,Necaxa,MEX,1,1540,2026-10-03,2026-10-03
573,New York RB,USA,1,1540,2026-10-03,2026-10-03
574,CFR Cluj,ROU,1,1540,2026-10-03,2026-10-03
575,Esteghlal,IRN,1,1540,2026-10-03,2026-10-03
576,Alkmaar,NED,1,1539.2130127,2026-08-31,2026-12-31
577,Alcorcon,ESP,3,1539,2026-10-03,2026-10-03
578,Real Jaen,ESP,3,1539,2026-10-03,2026-10-03
579,Agropecuario,ARG,2,1539,2026-10-03,2026-10-03
580,Almirante Brown,ARG,2,1539,2026-10-03,2026-10-03
581,Llaneros,COL,1,1539,2026-10-03,2026-10-03
582,Korona,POL,1,1539,2026-10-03,2026-10-03
583,Alverca,POR,1,1538,2026-10-03,2026-10-03
584,Konyaspor,TUR,1,1538,2026-10-03,2026-10-03
585,Juventud,URU,1,1538,2026-10-03,2026-10-03
586,Raja,MAR,1,1538,2026-10-03,2026-10-03
587,Verl,GER,2,1537,2026-10-03,2026-10-03
588,Bolton,ENG,3,1537,2026-10-03,2026-10-03
589,Südtirol,ITA,2,1537,2026-10-03,2026-10-03
590,Defensores de Be,ARG,2,1537,2026-10-03,2026-10-03
591,CS Herediano,CRC,1,1537,2026-10-03,2026-10-03
592,Carabobo FC,VEN,1,1537,2026-10-03,2026-10-03
593,Beitar,ISR,1,1536,2026-10-03,2026-10-03
594,Berkane,MAR,1,1536,2026-10-03,2026-10-03
595,Brusque,BRA,3,1535,2026-10-03,2026-10-03
596,Patronato,ARG,2,1535,2026-10-03,2026-10-03
597,Chaco For Ever,ARG,2,1535,2026-10-03,2026-10-03
598,Real Garcilaso,PER,1,1535,2026-10-03,2026-10-03
599,Shanghai Port FC,CHN,1,1535,2026-10-03,2026-10-03
600,Beijing Guoan,CHN,1,1535,2026-10-03,2026-10-03
601,Oxford,ENG,3,1534,2026-10-03,2026-10-03
602,Ascoli,ITA,3,1534,2026-10-03,2026-10-03
603,Fortaleza,COL,1,1534,2026-10-03,2026-10-03
604,Auckland FC,AUS,1,1534,2026-10-03,2026-10-03
605,Rostock,GER,2,1533,2026-10-03,2026-10-03
606,Lugo,ESP,3,1533,2026-10-03,2026-10-03
607,Cultural Leonesa,ESP,3,1533,2026-10-03,2026-10-03
608,Real Oviedo B,ESP,3,1533,2026-10-03,2026-10-03
609,Defensor,URU,1,1533,2026-10-03,2026-10-03
610,Häcken,SWE,1,1533,2026-10-03,2026-10-03
611,Juve Stabia,ITA,2,1532,2026-10-03,2026-10-03
612,Aachen,GER,2,1531,2026-10-03,2026-10-03
613,Essen,GER,2,1531,2026-10-03,2026-10-03
614,Treviso FBC 1993,ITA,3,1531,2026-10-03,2026-10-03
615,América Mineiro,BRA,2,1531,2026-10-03,2026-10-03
616,Pasto,COL,1,1531,2026-10-03,2026-10-03
617,Apollon Lemesos,CYP,1,1531,2026-10-03,2026-10-03
618,Jeju SK FC,KOR,1,1531,2026-10-03,2026-10-03
619,Ciudad de Bolíva,ARG,2,1530,2026-10-03,2026-10-03
620,CA Los Andes,ARG,2,1530,2026-10-03,2026-10-03
621,Piast Gliwice,POL,1,1530,2026-10-03,2026-10-03
622,Antequera,ESP,3,1529,2026-10-03,2026-10-03
623,Dunkerque,FRA,2,1529,2026-10-03,2026-10-03
624,Deportivo Recole,PAR,1,1529,2026-10-03,2026-10-03
625,Hartberg,AUT,1,1529,2026-10-03,2026-10-03
626,Incheon United,KOR,1,1529,2026-10-03,2026-10-03
627,UD Ibiza,ESP,3,1528,2026-10-03,2026-10-03
628,Luzern,SUI,1,1528,2026-10-03,2026-10-03
629,Hapoel Tel Aviv,ISR,1,1528,2026-10-03,2026-10-03
630,Cienciano,PER,1,1528,2026-10-03,2026-10-03
631,Fürth,GER,2,1527,2026-10-03,2026-10-03
632,Watford,ENG,2,1527,2026-10-03,2026-10-03
633,Eyupspor,TUR,1,1527,2026-10-03,2026-10-03
634,Central Español,URU,1,1527,2026-10-03,2026-10-03
635,AIK,SWE,1,1527,2026-10-03,2026-10-03
636,Numancia,ESP,3,1526,2026-10-03,2026-10-03
637,Groningen,NED,1,1526,2026-10-03,2026-10-03
638,Shimizu S-Pulse,JPN,1,1526,2026-10-03,2026-10-03
639,Pohang Steelers,KOR,1,1526,2026-10-03,2026-10-03
640,Preston,ENG,2,1525,2026-10-03,2026-10-03
641,CSA AL,BRA,3,1525,2026-10-03,2026-10-03
642,Aris,GRE,1,1525,2026-10-03,2026-10-03
643,Aris Limassol,CYP,1,1525,2026-10-03,2026-10-03
644,Mjällby,SWE,1,1525,2026-10-03,2026-10-03
645,Zamalek,EGY,1,1525,2026-10-03,2026-10-03
646,Thionville Lusit,FRA,3,1524,2026-10-03,2026-10-03
647,Cesena,ITA,2,1524,2026-10-03,2026-10-03
648,Londrina,BRA,2,1524,2026-10-03,2026-10-03
649,Maranhao,BRA,3,1524,2026-10-03,2026-10-03
650,Nueva Chicago,ARG,2,1524,2026-10-03,2026-10-03
651,Atlético Rafaela,ARG,2,1524,2026-10-03,2026-10-03
652,Wanderers,URU,1,1524,2026-10-03,2026-10-03
653,FC DAC 1904,SVK,1,1524,2026-10-03,2026-10-03
654,Buriram United,THA,1,1524,2026-10-03,2026-10-03
655,Reading,ENG,3,1523,2026-10-03,2026-10-03
656,Rouen,FRA,3,1523,2026-10-03,2026-10-03
657,Athletic Club B,ESP,3,1522,2026-10-03,2026-10-03
658,Avellino,ITA,2,1522,2026-10-03,2026-10-03
659,Unión Magdalena,COL,2,1522,2026-10-03,2026-10-03
660,Ourense,ESP,3,1521,2026-10-03,2026-10-03
661,Guingamp,FRA,2,1521,2026-10-03,2026-10-03
662,Retrô - PE,BRA,3,1521,2026-10-03,2026-10-03
663,Bueyueksehir,TUR,1,1520.46105957,2026-08-31,2026-12-31
664,Makhachkala,RUS,1,1520,2026-10-03,2026-10-03
665,La Calera,CHI,1,1520,2026-10-03,2026-10-03
666,Inter Turku,FIN,1,1520,2026-10-03,2026-10-03
667,FC La Unión Atlé,ESP,3,1519,2026-10-03,2026-10-03
668,Amazonas,BRA,3,1519,2026-10-03,2026-10-03
669,Plock,POL,1,1519,2026-10-03,2026-10-03
670,Bradford,ENG,3,1518,2026-10-03,2026-10-03
671,El Nacional,ECU,2,1518,2026-10-03,2026-10-03
672,All Boys,ARG,2,1518,2026-10-03,2026-10-03
673,Lubin,POL,1,1518,2026-10-03,2026-10-03
674,Vikingur,ISL,1,1518,2026-10-03,2026-10-03
675,Logrones,ESP,3,1517,2026-10-03,2026-10-03
676,Barakaldo,ESP,3,1517,2026-10-03,2026-10-03
677,SD Tarazona,ESP,3,1517,2026-10-03,2026-10-03
678,Sochaux,FRA,2,1517,2026-10-03,2026-10-03
679,Orenburg,RUS,1,1517,2026-10-03,2026-10-03
680,Sverdlovsk,RUS,2,1517,2026-10-03,2026-10-03
681,Cerro Largo,URU,1,1517,2026-10-03,2026-10-03
682,Avispa Fukuoka,JPN,1,1517,2026-10-03,2026-10-03
683,V-Varen Nagasaki,JPN,1,1517,2026-10-03,2026-10-03
684,Deportivo Garcil,PER,1,1517,2026-10-03,2026-10-03
685,Universitatea Cl,ROU,1,1517,2026-10-03,2026-10-03
686,Mjaellby,SWE,1,1515.64575195,2026-08-31,2026-12-31
687,Tarragona,ESP,3,1515,2026-10-03,2026-10-03
688,Ravenna,ITA,3,1515,2026-10-03,2026-10-03
689,Estoril,POR,1,1515,2026-10-03,2026-10-03
690,Floresta,BRA,3,1515,2026-10-03,2026-10-03
691,Lillestrøm,NOR,1,1515,2026-10-03,2026-10-03
692,Silkeborg,DEN,1,1515,2026-10-03,2026-10-03
693,Toronto FC,USA,1,1515,2026-10-03,2026-10-03
694,Celje,SVN,1,1515,2026-10-03,2026-10-03
695,Atlanta United,USA,1,1514,2026-10-03,2026-10-03
696,Shanghai Shenhua,CHN,1,1514,2026-10-03,2026-10-03
697,Padova,ITA,2,1513,2026-10-03,2026-10-03
698,Caxias,BRA,3,1513,2026-10-03,2026-10-03
699,Boston River,URU,1,1513,2026-10-03,2026-10-03
700,Entella,ITA,2,1512,2026-10-03,2026-10-03
701,Kayseri,TUR,2,1512,2026-10-03,2026-10-03
702,Chacarita Junior,ARG,2,1512,2026-10-03,2026-10-03
703,San Miguel,ARG,2,1512,2026-10-03,2026-10-03
704,Braunschweig,GER,2,1511,2026-10-03,2026-10-03
705,Huddersfield,ENG,3,1511,2026-10-03,2026-10-03
706,Olot,ESP,3,1511,2026-10-03,2026-10-03
707,Rapid Bucuresti,ROU,1,1511,2026-10-03,2026-10-03
708,Leuven,BEL,1,1510,2026-10-03,2026-10-03
709,Sigma Olomouc,CZE,1,1510,2026-10-03,2026-10-03
710,Randers,DEN,1,1510,2026-10-03,2026-10-03
711,Lechia,POL,2,1510,2026-10-03,2026-10-03
712,General Caballer,PAR,1,1510,2026-10-03,2026-10-03
713,Dinamo Bucuresti,ROU,1,1510,2026-10-03,2026-10-03
714,Grenoble,FRA,2,1509,2026-10-03,2026-10-03
715,Brescia,ITA,3,1509,2026-10-03,2026-10-03
716,Técnico Uni,ECU,1,1509,2026-10-03,2026-10-03
717,Wycombe,ENG,3,1508,2026-10-03,2026-10-03
718,Bari,ITA,3,1508,2026-10-03,2026-10-03
719,Ac Viseu,POR,1,1508,2026-10-03,2026-10-03
720,Cartagena,ESP,3,1507,2026-10-03,2026-10-03
721,CP Cacereño,ESP,3,1507,2026-10-03,2026-10-03
722,Rodina Moskva,RUS,2,1507,2026-10-03,2026-10-03
723,San Telmo,ARG,2,1507,2026-10-03,2026-10-03
724,Alianza Petroler,COL,1,1507,2026-10-03,2026-10-03
725,Juárez,MEX,1,1507,2026-10-03,2026-10-03
726,Tokyo Verdy,JPN,1,1507,2026-10-03,2026-10-03
727,Hercules,ESP,3,1506,2026-10-03,2026-10-03
728,FC Fleury 91,FRA,3,1506,2026-10-03,2026-10-03
729,Excelsior,NED,1,1506,2026-10-03,2026-10-03
730,Racing de Córdob,ARG,2,1506,2026-10-03,2026-10-03
731,Arsenal de Saran,ARG,2,1506,2026-10-03,2026-10-03
732,FC Anyang,KOR,1,1506,2026-10-03,2026-10-03
733,Metropolitanos F,VEN,1,1506,2026-10-03,2026-10-03
734,Amorebieta,ESP,3,1505,2026-10-03,2026-10-03
735,Antalyaspor,TUR,2,1505,2026-10-03,2026-10-03
736,Delfín,ECU,1,1505,2026-10-03,2026-10-03
737,NK Varteks,CRO,1,1505,2026-10-03,2026-10-03
738,Unionistas,ESP,3,1504,2026-10-03,2026-10-03
739,Arezzo,ITA,3,1504,2026-10-03,2026-10-03
740,Sivasspor,TUR,2,1504,2026-10-03,2026-10-03
741,Mazatlán,MEX,1,1504,2026-10-03,2026-10-03
742,KS Cracovia,POL,1,1504,2026-10-03,2026-10-03
743,Widzew,POL,1,1504,2026-10-03,2026-10-03
744,Anápolis GO,BRA,3,1503,2026-10-03,2026-10-03
745,Karagümrük,TUR,2,1503,2026-10-03,2026-10-03
746,Aarau,SUI,2,1503,2026-10-03,2026-10-03
747,CSKA Sofia,BUL,1,1503,2026-10-03,2026-10-03
748,Melbourne City F,AUS,1,1503,2026-10-03,2026-10-03
749,Västerås,SWE,1,1502,2026-10-03,2026-10-03
750,Europa,ESP,3,1501,2026-10-03,2026-10-03
751,Teplice,CZE,1,1501,2026-10-03,2026-10-03
752,Münster,GER,2,1500,2026-10-03,2026-10-03
753,Sampdoria,ITA,2,1500,2026-10-03,2026-10-03
754,Volta Redonda,BRA,3,1500,2026-10-03,2026-10-03
755,Paysandu,BRA,3,1500,2026-10-03,2026-10-03
756,Lommel,BEL,1,1500,2026-10-03,2026-10-03
757,Fredrikstad,NOR,1,1500,2026-10-03,2026-10-03
758,Mitre de SdE,ARG,2,1500,2026-10-03,2026-10-03
759,Albion,URU,1,1500,2026-10-03,2026-10-03
760,Karpaty,UKR,1,1500,2026-10-03,2026-10-03
761,Arka,POL,2,1500,2026-10-03,2026-10-03
762,Yokohama FC,JPN,2,1499,2026-10-03,2026-10-03
763,Göteborg,SWE,1,1499,2026-10-03,2026-10-03
764,FK Riga,LVA,1,1499,2026-10-03,2026-10-03
765,Nancy,FRA,2,1498,2026-10-03,2026-10-03
766,Clermont,FRA,2,1498,2026-10-03,2026-10-03
767,DC United,USA,1,1498,2026-10-03,2026-10-03
768,APOEL,CYP,1,1498,2026-10-03,2026-10-03
769,Algeciras,ESP,3,1497,2026-10-03,2026-10-03
770,Rio Ave,POR,1,1497,2026-10-03,2026-10-03
771,Vinotinto,ECU,2,1497,2026-10-03,2026-10-03
772,Suwon FC,KOR,2,1497,2026-10-03,2026-10-03
773,Fès,MAR,1,1497,2026-10-03,2026-10-03
774,Pau,FRA,2,1496,2026-10-03,2026-10-03
775,Maritimo,POR,1,1496,2026-10-03,2026-10-03
776,Mlada Boleslav,CZE,1,1496,2026-10-03,2026-10-03
777,La Equidad,COL,1,1496,2026-10-03,2026-10-03
778,Odense,DEN,1,1496,2026-10-03,2026-10-03
779,Estrela Amadora,POR,1,1495,2026-10-03,2026-10-03
780,Sparta,NED,1,1495,2026-10-03,2026-10-03
781,Almagro,ARG,2,1495,2026-10-03,2026-10-03
782,Danubio,URU,1,1495,2026-10-03,2026-10-03
783,Wolfsberg,AUT,1,1495,2026-10-03,2026-10-03
784,Duisburg,GER,2,1494,2026-10-03,2026-10-03
785,La Serena,CHI,1,1494,2026-10-03,2026-10-03
786,Casa Pia,POR,1,1493,2026-10-03,2026-10-03
787,Cobresal,CHI,1,1493,2026-10-03,2026-10-03
788,Cherkasy,UKR,1,1493,2026-10-03,2026-10-03
789,Mansfield,ENG,3,1492,2026-10-03,2026-10-03
790,Extremadura,ESP,3,1492,2026-10-03,2026-10-03
791,Akron Tolyatti,RUS,1,1492,2026-10-03,2026-10-03
792,Motor Lublin,POL,1,1492,2026-10-03,2026-10-03
793,Steaua,ROU,1,1492,2026-10-03,2026-10-03
794,TP Mazembe,COD,1,1492,2026-10-03,2026-10-03
795,Ferrol,ESP,3,1491,2026-10-03,2026-10-03
796,CA Antoniano,ESP,3,1491,2026-10-03,2026-10-03
797,Ajaccio,FRA,3,1491,2026-10-03,2026-10-03
798,Nizhny Novgorod,RUS,2,1491,2026-10-03,2026-10-03
799,Pereira,COL,1,1491,2026-10-03,2026-10-03
800,Puebla,MEX,1,1491,2026-10-03,2026-10-03
801,York City,ENG,4,1490,2026-10-03,2026-10-03
802,Sestao,ESP,3,1490,2026-10-03,2026-10-03
803,Le Puy Foot 43,FRA,3,1490,2026-10-03,2026-10-03
804,Catania,ITA,3,1490,2026-10-03,2026-10-03
805,Ituano,BRA,3,1490,2026-10-03,2026-10-03
806,Ypiranga - RS,BRA,3,1490,2026-10-03,2026-10-03
807,FK Sochi,RUS,2,1489,2026-10-03,2026-10-03
808,Sarpsborg,NOR,1,1489,2026-10-03,2026-10-03
809,Montréal,USA,1,1489,2026-10-03,2026-10-03
810,Sittard,NED,1,1488,2026-10-03,2026-10-03
811,Shonan Bellmare,JPN,2,1488,2026-10-03,2026-10-03
812,Iquique,CHI,2,1488,2026-10-03,2026-10-03
813,Zrinjski Mostar,BIH,1,1488,2026-10-03,2026-10-03
814,Salernitana,ITA,3,1487,2026-10-03,2026-10-03
815,FC Khimki,RUS,2,1487,2026-10-03,2026-10-03
816,Sandefjord,NOR,1,1487,2026-10-03,2026-10-03
817,Al Draih,KSA,1,1487,2026-10-03,2026-10-03
818,SonderjyskE,DEN,1,1487,2026-10-03,2026-10-03
819,Radomiak,POL,1,1487,2026-10-03,2026-10-03
820,Motherwell,SCO,1,1487,2026-10-03,2026-10-03
821,Alianza Atlético,PER,1,1487,2026-10-03,2026-10-03
822,Ingolstadt,GER,2,1486,2026-10-03,2026-10-03
823,Versailles,FRA,3,1486,2026-10-03,2026-10-03
824,alvarado,ARG,2,1486,2026-10-03,2026-10-03
825,OFI,GRE,1,1486,2026-10-03,2026-10-03
826,Paksi,HUN,1,1486,2026-10-03,2026-10-03
827,Kuopio,FIN,1,1486,2026-10-03,2026-10-03
828,Atlético Baleare,ESP,3,1485,2026-10-03,2026-10-03
829,Reggiana,ITA,3,1485,2026-10-03,2026-10-03
830,Mito HollyHock,JPN,1,1485,2026-10-03,2026-10-03
831,Shandong Taishan,CHN,1,1485,2026-10-03,2026-10-03
832,Borac Banja Luka,BIH,1,1485,2026-10-03,2026-10-03
833,MC Alger,ALG,1,1485,2026-10-03,2026-10-03
834,Saarbrücken,GER,2,1484,2026-10-03,2026-10-03
835,Blackpool,ENG,3,1484,2026-10-03,2026-10-03
836,Feralpisalò,ITA,3,1484,2026-10-03,2026-10-03
837,Barra SC,BRA,3,1484,2026-10-03,2026-10-03
838,Boluspor,TUR,2,1484,2026-10-03,2026-10-03
839,Santos Laguna,MEX,1,1484,2026-10-03,2026-10-03
840,Nacional Potosí,BOL,1,1484,2026-10-03,2026-10-03
841,Daegu FC,KOR,2,1484,2026-10-03,2026-10-03
842,Merida,ESP,3,1483,2026-10-03,2026-10-03
843,Real Union,ESP,3,1483,2026-10-03,2026-10-03
844,Laval,FRA,2,1483,2026-10-03,2026-10-03
845,Carrarese,ITA,2,1483,2026-10-03,2026-10-03
846,Fakel Voronezh,RUS,1,1483,2026-10-03,2026-10-03
847,Hibernian,SCO,1,1483,2026-10-03,2026-10-03
848,Ried,AUT,1,1483,2026-10-03,2026-10-03
849,Maribor,SVN,1,1483,2026-10-03,2026-10-03
850,Sheffield Weds,ENG,3,1482,2026-10-03,2026-10-03
851,CF Talavera,ESP,3,1482,2026-10-03,2026-10-03
852,Louisville City,USA,2,1482,2026-10-03,2026-10-03
853,Deportivo La Gua,VEN,1,1482,2026-10-03,2026-10-03
854,Barnet FC,ENG,4,1481,2026-10-03,2026-10-03
855,Nacional,POR,1,1481,2026-10-03,2026-10-03
856,Dender,BEL,2,1481,2026-10-03,2026-10-03
857,Cerro,URU,1,1481,2026-10-03,2026-10-03
858,Sportivo Luqueño,PAR,1,1481,2026-10-03,2026-10-03
859,Partizan,SRB,1,1481,2026-10-03,2026-10-03
860,Bucheon FC 1995,KOR,1,1481,2026-10-03,2026-10-03
861,La Louviére,BEL,1,1480,2026-10-03,2026-10-03
862,Central Norte,ARG,2,1480,2026-10-03,2026-10-03
863,NEOM,KSA,1,1480,2026-10-03,2026-10-03
864,Puskas Akademia,HUN,1,1480,2026-10-03,2026-10-03
865,CD Estepona,ESP,3,1479,2026-10-03,2026-10-03
866,Cittadella,ITA,3,1479,2026-10-03,2026-10-03
867,sporting-cp-b,POR,2,1479,2026-10-03,2026-10-03
868,Melbourne Victor,AUS,1,1479,2026-10-03,2026-10-03
869,Noah,ARM,1,1479,2026-10-03,2026-10-03
870,Cambridge,ENG,3,1478,2026-10-03,2026-10-03
871,Boulogne,FRA,2,1478,2026-10-03,2026-10-03
872,FC Fredericia,DEN,2,1478,2026-10-03,2026-10-03
873,San Jose,BOL,1,1478,2026-10-03,2026-10-03
874,Al Hilal Omdurma,SDN,1,1478,2026-10-03,2026-10-03
875,Stevenage FC,ENG,3,1477,2026-10-03,2026-10-03
876,Slask,POL,1,1477,2026-10-03,2026-10-03
877,Lausanne,SUI,1,1477,2026-10-03,2026-10-03
878,Sepahan,IRN,1,1477,2026-10-03,2026-10-03
879,Trnava,SVK,1,1477,2026-10-03,2026-10-03
880,Águilas FC,ESP,3,1476,2026-10-03,2026-10-03
881,Linares,ESP,3,1476,2026-10-03,2026-10-03
882,PS Kalamata,GRE,1,1476,2026-10-03,2026-10-03
883,Trento,ITA,3,1475,2026-10-03,2026-10-03
884,Cúcuta,COL,1,1475,2026-10-03,2026-10-03
885,Club Aurora,BOL,1,1475,2026-10-03,2026-10-03
886,SD Eibar B,ESP,3,1474,2026-10-03,2026-10-03
887,Bastia,FRA,3,1474,2026-10-03,2026-10-03
888,Casertana,ITA,3,1474,2026-10-03,2026-10-03
889,ABC,BRA,3,1474,2026-10-03,2026-10-03
890,Alcoyano,ESP,3,1473,2026-10-03,2026-10-03
891,Martigues,FRA,3,1473,2026-10-03,2026-10-03
892,Envigado,COL,2,1473,2026-10-03,2026-10-03
893,Guadalajara,ESP,3,1472,2026-10-03,2026-10-03
894,Tondela,POR,2,1472,2026-10-03,2026-10-03
895,Banik Ostrava,CZE,1,1472,2026-10-03,2026-10-03
896,Universidad Cent,VEN,1,1472,2026-10-03,2026-10-03
897,Academia Puerto,VEN,1,1472,2026-10-03,2026-10-03
898,Club Africain,TUN,1,1472,2026-10-03,2026-10-03
899,München 60,GER,2,1471,2026-10-03,2026-10-03
900,Spartak Kostroma,RUS,2,1471,2026-10-03,2026-10-03
901,Plaza Colonia,URU,2,1471,2026-10-03,2026-10-03
902,Nieciecza,POL,2,1471,2026-10-03,2026-10-03
903,Rubio Nu,PAR,1,1471,2026-10-03,2026-10-03
904,Olimpija Ljublja,SVN,1,1471,2026-10-03,2026-10-03
905,CD Coria,ESP,3,1470,2026-10-03,2026-10-03
906,Valerenga,NOR,1,1470,2026-10-03,2026-10-03
907,Al Ettifaq,KSA,1,1470,2026-10-03,2026-10-03
908,Suwon Bluewings,KOR,2,1470,2026-10-03,2026-10-03
909,Caen,FRA,3,1469,2026-10-03,2026-10-03
910,Zuerich,SUI,1,1469,2026-10-03,2026-10-03
911,Koper,SVN,1,1469,2026-10-03,2026-10-03
912,Unión Española,CHI,2,1468,2026-10-03,2026-10-03
913,Viktoria Köln,GER,2,1467,2026-10-03,2026-10-03
914,Leyton Orient,ENG,3,1467,2026-10-03,2026-10-03
915,Aviles,ESP,3,1467,2026-10-03,2026-10-03
916,UCAM Murcia,ESP,3,1467,2026-10-03,2026-10-03
917,Barnsley,ENG,3,1466,2026-10-03,2026-10-03
918,Bukovyna,UKR,1,1466,2026-10-03,2026-10-03
919,Teruel,ESP,3,1465,2026-10-03,2026-10-03
920,UD SS Reyes,ESP,3,1465,2026-10-03,2026-10-03
921,Orleans,FRA,3,1465,2026-10-03,2026-10-03
922,Rotor Volgograd,RUS,2,1465,2026-10-03,2026-10-03
923,Zwolle,NED,1,1465,2026-10-03,2026-10-03
924,Acassuso,ARG,2,1465,2026-10-03,2026-10-03
925,Boyacá Chicó,COL,1,1465,2026-10-03,2026-10-03
926,Sydney FC,AUS,1,1465,2026-10-03,2026-10-03
927,Tombense,BRA,3,1464,2026-10-03,2026-10-03
928,İstanbulspor AŞ,TUR,2,1464,2026-10-03,2026-10-03
929,Charleston,USA,2,1464,2026-10-03,2026-10-03
930,Zira,AZE,1,1464,2026-10-03,2026-10-03
931,CS Sfaxien,TUN,1,1464,2026-10-03,2026-10-03
932,Western United,AUS,1,1464,2026-10-03,2026-10-03
933,Wehen,GER,2,1463,2026-10-03,2026-10-03
934,Doncaster,ENG,3,1463,2026-10-03,2026-10-03
935,Amiens,FRA,3,1463,2026-10-03,2026-10-03
936,Vizela,POR,2,1463,2026-10-03,2026-10-03
937,Torreense,POR,2,1463,2026-10-03,2026-10-03
938,Manta,ECU,1,1463,2026-10-03,2026-10-03
939,Kryvbas,UKR,1,1463,2026-10-03,2026-10-03
940,Wieczysta Kraków,POL,1,1463,2026-10-03,2026-10-03
941,Al Wasl,UAE,1,1463,2026-10-03,2026-10-03
942,Betis B,ESP,3,1462,2026-10-03,2026-10-03
943,CE Andratx,ESP,3,1462,2026-10-03,2026-10-03
944,Osasuna B,ESP,3,1462,2026-10-03,2026-10-03
945,Bohemians,CZE,1,1462,2026-10-03,2026-10-03
946,Novi Sad,SRB,1,1462,2026-10-03,2026-10-03
947,Žilina,SVK,1,1462,2026-10-03,2026-10-03
948,Al Taawoun,KSA,1,1461,2026-10-03,2026-10-03
949,Xerez,ESP,3,1460,2026-10-03,2026-10-03
950,Segoviana,ESP,3,1460,2026-10-03,2026-10-03
951,GAK,AUT,1,1460,2026-10-03,2026-10-03
952,Recreativo,ESP,3,1459,2026-10-03,2026-10-03
953,Osijek,CRO,1,1459,2026-10-03,2026-10-03
954,Nuernberg,GER,2,1458.71105957,2026-08-31,2026-12-31
955,Notts County,ENG,3,1458,2026-10-03,2026-10-03
956,Levadeiakos,GRE,1,1458,2026-10-03,2026-10-03
957,Uni de Concepció,CHI,1,1458,2026-10-03,2026-10-03
958,Zorya,UKR,1,1458,2026-10-03,2026-10-03
959,Newcastle United,AUS,1,1458,2026-10-03,2026-10-03
960,Potenza,ITA,3,1457,2026-10-03,2026-10-03
961,Kfum,NOR,1,1457,2026-10-03,2026-10-03
962,Güemes de SdE,ARG,2,1457,2026-10-03,2026-10-03
963,Zbrojovka Brno,CZE,1,1457,2026-10-03,2026-10-03
964,Sporting KC,USA,1,1457,2026-10-03,2026-10-03
965,Neftçi PFK,AZE,1,1457,2026-10-03,2026-10-03
966,Al Wahda,UAE,1,1457,2026-10-03,2026-10-03
967,FK Maxline Viteb,BLR,1,1457,2026-10-03,2026-10-03
968,Scafatese Calcio,ITA,3,1456,2026-10-03,2026-10-03
969,Ternana,ITA,3,1456,2026-10-03,2026-10-03
970,Sacramento,USA,2,1456,2026-10-03,2026-10-03
971,Al Rayyan,QAT,1,1456,2026-10-03,2026-10-03
972,Regensburg,GER,2,1455,2026-10-03,2026-10-03
973,Deportivo Fabril,ESP,3,1455,2026-10-03,2026-10-03
974,Arenas de Getxo,ESP,3,1455,2026-10-03,2026-10-03
975,Yeclano,ESP,3,1455,2026-10-03,2026-10-03
976,Pescara,ITA,3,1455,2026-10-03,2026-10-03
977,Leiria,POR,2,1455,2026-10-03,2026-10-03
978,Torpedo Moskva,RUS,2,1455,2026-10-03,2026-10-03
979,MK Dons,ENG,3,1454,2026-10-03,2026-10-03
980,CF Intercity,ESP,3,1454,2026-10-03,2026-10-03
981,Metalist 1925,UKR,1,1454,2026-10-03,2026-10-03
982,Concarneau,FRA,3,1453,2026-10-03,2026-10-03
983,AD Confianca SE,BRA,3,1453,2026-10-03,2026-10-03
984,Jaguares,COL,1,1453,2026-10-03,2026-10-03
985,Adelaide United,AUS,1,1453,2026-10-03,2026-10-03
986,FK RFS,LVA,1,1453,2026-10-03,2026-10-03
987,Sd Tarazona,ESP,3,1451,2026-10-03,2026-10-03
988,Fuenlabrada,ESP,3,1451,2026-10-03,2026-10-03
989,Marino de Luanco,ESP,3,1451,2026-10-03,2026-10-03
990,Crotone,ITA,3,1451,2026-10-03,2026-10-03
991,Catania,ITA,3,1451,2026-10-03,2026-10-03
992,Brommapojkarna,SWE,1,1451,2026-10-03,2026-10-03
993,CSKA 1948 Sofia,BUL,1,1451,2026-10-03,2026-10-03
994,Ararat-Armenia,ARM,1,1451,2026-10-03,2026-10-03
995,Goeztepe,TUR,1,1450.39257812,2026-08-31,2026-12-31
996,FK Kairat,KAZ,1,1450,2026-10-03,2026-10-03
997,Torrent CF,ESP,3,1449,2026-10-03,2026-10-03
998,Ponte Preta,BRA,2,1449,2026-10-03,2026-10-03
999,Albirex Niigata,JPN,2,1449,2026-10-03,2026-10-03
1000,SD Logroñés,ESP,3,1448,2026-10-03,2026-10-03
1001,Telstar,NED,1,1448,2026-10-03,2026-10-03
1002,Ham-Kam,NOR,1,1448,2026-10-03,2026-10-03
1003,Grasshoppers,SUI,1,1448,2026-10-03,2026-10-03
1004,Los Chankas,PER,1,1448,2026-10-03,2026-10-03
1005,Shkendija,MKD,1,1448,2026-10-03,2026-10-03
1006,Bromley,ENG,3,1447,2026-10-03,2026-10-03
1007,CD Ibiza Islas P,ESP,3,1447,2026-10-03,2026-10-03
1008,Lusitania FC Lou,POR,2,1447,2026-10-03,2026-10-03
1009,Tampa Bay,USA,2,1447,2026-10-03,2026-10-03
1010,Wattens,AUT,1,1447,2026-10-03,2026-10-03
1011,Gwangju FC,KOR,1,1447,2026-10-03,2026-10-03
1012,Turan Tovuz,AZE,1,1447,2026-10-03,2026-10-03
1013,Progres Sakiet E,TUN,1,1447,2026-10-03,2026-10-03
1014,Dinamo Minsk,BLR,1,1447,2026-10-03,2026-10-03
1015,Progreso,URU,1,1446,2026-10-03,2026-10-03
1016,Dortmund II,GER,2,1445,2026-10-03,2026-10-03
1017,Altach,AUT,1,1445,2026-10-03,2026-10-03
1018,Kortrijk,BEL,1,1444,2026-10-03,2026-10-03
1019,Peterboro,ENG,3,1443,2026-10-03,2026-10-03
1020,Boavista,POR,2,1443,2026-10-03,2026-10-03
1021,CS Cartaginés,CRC,1,1443,2026-10-03,2026-10-03
1022,FK Astana,KAZ,1,1443,2026-10-03,2026-10-03
1023,Heracles,NED,2,1442,2026-10-03,2026-10-03
1024,River Plate,URU,2,1442,2026-10-03,2026-10-03
1025,Kolos,UKR,1,1442,2026-10-03,2026-10-03
1026,Istra 1961,CRO,1,1442,2026-10-03,2026-10-03
1027,Atlético Tembeta,PAR,1,1442,2026-10-03,2026-10-03
1028,BW Linz,AUT,1,1442,2026-10-03,2026-10-03
1029,Norrköping,SWE,2,1442,2026-10-03,2026-10-03
1030,Binacional,PER,1,1442,2026-10-03,2026-10-03
1031,Wigan,ENG,3,1441,2026-10-03,2026-10-03
1032,Real Avilés,ESP,3,1441,2026-10-03,2026-10-03
1033,Vejle,DEN,2,1441,2026-10-03,2026-10-03
1034,Grau,PER,1,1441,2026-10-03,2026-10-03
1035,Burton,ENG,3,1440,2026-10-03,2026-10-03
1036,UD Melilla,ESP,3,1440,2026-10-03,2026-10-03
1037,SC Farense,POR,2,1440,2026-10-03,2026-10-03
1038,Atromitos,GRE,1,1440,2026-10-03,2026-10-03
1039,Debrecen,HUN,1,1440,2026-10-03,2026-10-03
1040,Al Duhail SC,QAT,1,1440,2026-10-03,2026-10-03
1041,Pardubice,CZE,1,1439,2026-10-03,2026-10-03
1042,Blooming,BOL,1,1439,2026-10-03,2026-10-03
1043,M Tel Aviv,ISR,1,1438.46240234,2026-08-31,2026-12-31
1044,CD Guabirá,BOL,1,1438,2026-10-03,2026-10-03
1045,Sport Huancayo,PER,1,1438,2026-10-03,2026-10-03
1046,Oţelul Galaţi,ROU,1,1438,2026-10-03,2026-10-03
1047,Waldhof,GER,2,1437,2026-10-03,2026-10-03
1048,Marbella FC,ESP,3,1437,2026-10-03,2026-10-03
1049,Taranto,ITA,3,1437,2026-10-03,2026-10-03
1050,Yverdon Sport,SUI,2,1437,2026-10-03,2026-10-03
1051,CR Bélouizdad,ALG,1,1437,2026-10-03,2026-10-03
1052,Chesterfield,ENG,4,1436,2026-10-03,2026-10-03
1053,Torremolinos,ESP,3,1436,2026-10-03,2026-10-03
1054,Atalanta II,ITA,3,1436,2026-10-03,2026-10-03
1055,AVS Futebol,POR,2,1436,2026-10-03,2026-10-03
1056,Den Haag,NED,1,1436,2026-10-03,2026-10-03
1057,UTA Arad,ROU,1,1436,2026-10-03,2026-10-03
1058,Zhejiang Profess,CHN,1,1436,2026-10-03,2026-10-03
1059,Bravo,SVN,1,1436,2026-10-03,2026-10-03
1060,Salford,ENG,4,1435,2026-10-03,2026-10-03
1061,Valencia B,ESP,3,1435,2026-10-03,2026-10-03
1062,Audace Cerignola,ITA,3,1435,2026-10-03,2026-10-03
1063,Juventus II,ITA,3,1435,2026-10-03,2026-10-03
1064,Miramar Misiones,URU,2,1435,2026-10-03,2026-10-03
1065,Grimsby,ENG,4,1434,2026-10-03,2026-10-03
1066,Getafe CF B,ESP,3,1434,2026-10-03,2026-10-03
1067,Quevilly,FRA,3,1434,2026-10-03,2026-10-03
1068,Lok Zagreb,CRO,1,1434,2026-10-03,2026-10-03
1069,US Amal Tiznit,MAR,1,1434,2026-10-03,2026-10-03
1070,AZ Picerno,ITA,3,1433,2026-10-03,2026-10-03
1071,Penafiel,POR,2,1433,2026-10-03,2026-10-03
1072,Arges Pitesti,ROU,1,1433,2026-10-03,2026-10-03
1073,Karvina,CZE,2,1432,2026-10-03,2026-10-03
1074,Sepsi,ROU,1,1432,2026-10-03,2026-10-03
1075,Motagua,HON,1,1432,2026-10-03,2026-10-03
1076,Calcio Lecco 191,ITA,3,1431,2026-10-03,2026-10-03
1077,Lyngby,DEN,1,1431,2026-10-03,2026-10-03
1078,Sport Boys,PER,1,1431,2026-10-03,2026-10-03
1079,Wydad,MAR,1,1431,2026-10-03,2026-10-03
1080,Itabaiana,BRA,3,1430,2026-10-03,2026-10-03
1081,Vasas SC,HUN,1,1430,2026-10-03,2026-10-03
1082,Stuttgart II,GER,2,1429,2026-10-03,2026-10-03
1083,Giana Erminio,ITA,3,1429,2026-10-03,2026-10-03
1084,JEF United Ichih,JPN,1,1429,2026-10-03,2026-10-03
1085,Farul,ROU,1,1429,2026-10-03,2026-10-03
1086,Casarano,ITA,3,1428,2026-10-03,2026-10-03
1087,Al Jazira Club,UAE,1,1428,2026-10-03,2026-10-03
1088,Yunnan Yukun,CHN,1,1428,2026-10-03,2026-10-03
1089,Caracas FC,VEN,1,1428,2026-10-03,2026-10-03
1090,Salamanca CF UDS,ESP,3,1427,2026-10-03,2026-10-03
1091,Crotone,ITA,3,1427,2026-10-03,2026-10-03
1092,SL Benfica B,POR,2,1427,2026-10-03,2026-10-03
1093,El Paso Locomoti,USA,2,1427,2026-10-03,2026-10-03
1094,Ceramica Cleopat,EGY,1,1427,2026-10-03,2026-10-03
1095,Tianjin Jinmen T,CHN,1,1427,2026-10-03,2026-10-03
1096,K Beerschot VA,BEL,2,1426,2026-10-03,2026-10-03
1097,New Mexico Utd,USA,2,1425,2026-10-03,2026-10-03
1098,Chindia Târgoviş,ROU,1,1425,2026-10-03,2026-10-03
1099,Ordabasy,KAZ,1,1425,2026-10-03,2026-10-03
1100,Hoffenheim II,GER,2,1424,2026-10-03,2026-10-03
1101,Dinamo Tiranë,ALB,1,1424,2026-10-03,2026-10-03
1102,Qingdao West Coa,CHN,1,1423,2026-10-03,2026-10-03
1103,Ulm,GER,2,1422,2026-10-03,2026-10-03
1104,AFC Wimbledon,ENG,3,1422,2026-10-03,2026-10-03
1105,Orihuela,ESP,3,1422,2026-10-03,2026-10-03
1106,Ujpest,HUN,1,1422,2026-10-03,2026-10-03
1107,Kalmar,SWE,1,1422,2026-10-03,2026-10-03
1108,Sevilla B,ESP,3,1421,2026-10-03,2026-10-03
1109,Oriente Petroler,BOL,1,1421,2026-10-03,2026-10-03
1110,Portuguesa FC,VEN,1,1421,2026-10-03,2026-10-03
1111,Yenisey,RUS,2,1420,2026-10-03,2026-10-03
1112,Talleres RdE,ARG,2,1420,2026-10-03,2026-10-03
1113,San Antonio Bulo,BOL,1,1420,2026-10-03,2026-10-03
1114,FUS,MAR,1,1420,2026-10-03,2026-10-03
1115,Pakhtakor Tashke,UZB,1,1420,2026-10-03,2026-10-03
1116,Exeter City,ENG,4,1419,2026-10-03,2026-10-03
1117,Sanluqueño,ESP,3,1419,2026-10-03,2026-10-03
1118,Valenciennes,FRA,3,1419,2026-10-03,2026-10-03
1119,Monopoli,ITA,3,1419,2026-10-03,2026-10-03
1120,Walsall,ENG,4,1418,2026-10-03,2026-10-03
1121,Kristiansund,NOR,1,1418,2026-10-03,2026-10-03
1122,Zárate,ARG,2,1418,2026-10-03,2026-10-03
1123,Al Shabab,KSA,1,1418,2026-10-03,2026-10-03
1124,Port FC,THA,1,1418,2026-10-03,2026-10-03
1125,Egnatia Rrogozhi,ALB,1,1418,2026-10-03,2026-10-03
1126,Utebo FC,ESP,3,1417,2026-10-03,2026-10-03
1127,CD Arenteiro,ESP,3,1417,2026-10-03,2026-10-03
1128,Kongsvinger,NOR,2,1417,2026-10-03,2026-10-03
1129,Leixoes,POR,2,1416,2026-10-03,2026-10-03
1130,Felgueiras,POR,2,1416,2026-10-03,2026-10-03
1131,HJK Helsinki,FIN,1,1416,2026-10-03,2026-10-03
1132,Panetolikos,GRE,1,1415,2026-10-03,2026-10-03
1133,FC Tulsa,USA,2,1415,2026-10-03,2026-10-03
1134,Rhode Island FC,USA,2,1415,2026-10-03,2026-10-03
1135,Dundee United,SCO,1,1415,2026-10-03,2026-10-03
1136,Tanger,MAR,1,1415,2026-10-03,2026-10-03
1137,Bangkok United,THA,1,1415,2026-10-03,2026-10-03
1138,Ind Petrolero,BOL,1,1414,2026-10-03,2026-10-03
1139,Lustenau,AUT,1,1414,2026-10-03,2026-10-03
1140,Klagenfurt,AUT,1,1414,2026-10-03,2026-10-03
1141,Öster,SWE,2,1414,2026-10-03,2026-10-03
1142,Shamrock,IRL,1,1414,2026-10-03,2026-10-03
1143,Campobasso,ITA,3,1413,2026-10-03,2026-10-03
1144,Monopoli,ITA,3,1413,2026-10-03,2026-10-03
1145,Aalborg,DEN,2,1413,2026-10-03,2026-10-03
1146,Detroit City,USA,2,1413,2026-10-03,2026-10-03
1147,Pyunik,ARM,1,1413,2026-10-03,2026-10-03
1148,Cosenza,ITA,3,1412,2026-10-03,2026-10-03
1149,Shinnik Jaroslaw,RUS,2,1412,2026-10-03,2026-10-03
1150,Volendam,NED,2,1412,2026-10-03,2026-10-03
1151,Colorado Springs,USA,2,1412,2026-10-03,2026-10-03
1152,Puszcza Niepołom,POL,2,1412,2026-10-03,2026-10-03
1153,AD Tarma,PER,1,1412,2026-10-03,2026-10-03
1154,Drita,KOS,1,1412,2026-10-03,2026-10-03
1155,SSD Barletta 192,ITA,3,1410,2026-10-03,2026-10-03
1156,Al Hazm,KSA,1,1410,2026-10-03,2026-10-03
1157,GV San José,BOL,1,1410,2026-10-03,2026-10-03
1158,KACM,MAR,1,1410,2026-10-03,2026-10-03
1159,Ospitaletto,ITA,3,1409,2026-10-03,2026-10-03
1160,Alcione Milano,ITA,3,1409,2026-10-03,2026-10-03
1161,Stromsgodset,NOR,2,1409,2026-10-03,2026-10-03
1162,Horsens,DEN,1,1409,2026-10-03,2026-10-03
1163,Spokane Velocity,USA,2,1409,2026-10-03,2026-10-03
1164,Zalaegerszegi,HUN,1,1409,2026-10-03,2026-10-03
1165,Kaizer Chiefs,RSA,1,1409,2026-10-03,2026-10-03
1166,Central Coast Ma,AUS,1,1409,2026-10-03,2026-10-03
1167,Valur,ISL,1,1409,2026-10-03,2026-10-03
1168,Fleetwood Town,ENG,4,1408,2026-10-03,2026-10-03
1169,Swindon,ENG,4,1408,2026-10-03,2026-10-03
1170,Real Ávila CF,ESP,3,1408,2026-10-03,2026-10-03
1171,FC Arzignano Val,ITA,3,1408,2026-10-03,2026-10-03
1172,Cambuur,NED,1,1408,2026-10-03,2026-10-03
1173,Netanya,ISR,1,1408,2026-10-03,2026-10-03
1174,Henan Songshan L,CHN,1,1408,2026-10-03,2026-10-03
1175,Dalian Yingbo,CHN,1,1408,2026-10-03,2026-10-03
1176,Lusail City,QAT,1,1408,2026-10-03,2026-10-03
1177,Anzoátegui FC,VEN,1,1408,2026-10-03,2026-10-03
1178,Hannover II,GER,2,1407,2026-10-03,2026-10-03
1179,CDT Real Oruro,BOL,1,1407,2026-10-03,2026-10-03
1180,Touarga,MAR,1,1407,2026-10-03,2026-10-03
1181,Klaksvik,FRO,1,1407,2026-10-03,2026-10-03
1182,Sandhausen,GER,2,1406,2026-10-03,2026-10-03
1183,Renate AC,ITA,3,1406,2026-10-03,2026-10-03
1184,Veles Moskva,RUS,2,1406,2026-10-03,2026-10-03
1185,Hatayspor,TUR,2,1406,2026-10-03,2026-10-03
1186,Hapoel Haifa,ISR,1,1406,2026-10-03,2026-10-03
1187,Botosani,ROU,1,1406,2026-10-03,2026-10-03
1188,St Patricks,IRL,1,1406,2026-10-03,2026-10-03
1189,Port Vale,ENG,4,1405,2026-10-03,2026-10-03
1190,Aubagne,FRA,3,1405,2026-10-03,2026-10-03
1191,Stade Briochin,FRA,3,1405,2026-10-03,2026-10-03
1192,Virtus Verona,ITA,3,1405,2026-10-03,2026-10-03
1193,Potenza,ITA,3,1405,2026-10-03,2026-10-03
1194,Willem II,NED,1,1405,2026-10-03,2026-10-03
1195,Pittsburgh,USA,2,1405,2026-10-03,2026-10-03
1196,Anorthosis,CYP,1,1405,2026-10-03,2026-10-03
1197,Aue,GER,2,1404,2026-10-03,2026-10-03
1198,Chaves,POR,2,1404,2026-10-03,2026-10-03
1199,Juan Pablo II Co,PER,1,1404,2026-10-03,2026-10-03
1200,US Monastir,TUN,1,1404,2026-10-03,2026-10-03
1201,Asteras Tripolis,GRE,1,1403,2026-10-03,2026-10-03
1202,Union Omaha,USA,2,1403,2026-10-03,2026-10-03
1203,Arda,BUL,1,1403,2026-10-03,2026-10-03
1204,Trapani,ITA,3,1402,2026-10-03,2026-10-03
1205,Degerfors,SWE,1,1402,2026-10-03,2026-10-03
1206,AD San Carlos,CRC,1,1402,2026-10-03,2026-10-03
1207,Petrolul Ploiest,ROU,1,1401,2026-10-03,2026-10-03
1208,Majadahonda,ESP,3,1400,2026-10-03,2026-10-03
1209,CDA Navalcarnero,ESP,3,1400,2026-10-03,2026-10-03
1210,Torres,ITA,3,1400,2026-10-03,2026-10-03
1211,Lumezzane,ITA,3,1400,2026-10-03,2026-10-03
1212,Al Kholood,KSA,1,1400,2026-10-03,2026-10-03
1213,Slaven Belupo,CRO,1,1400,2026-10-03,2026-10-03
1214,Nyiregyhaza,HUN,1,1400,2026-10-03,2026-10-03
1215,Ilves Tampere,FIN,1,1400,2026-10-03,2026-10-03
1216,Slovacko,CZE,1,1399,2026-10-03,2026-10-03
1217,Vaduz,SUI,1,1399,2026-10-03,2026-10-03
1218,Terrassa,ESP,3,1398,2026-10-03,2026-10-03
1219,Hartford Athleti,USA,2,1398,2026-10-03,2026-10-03
1220,MTK,HUN,1,1398,2026-10-03,2026-10-03
1221,Vardar,MKD,1,1398,2026-10-03,2026-10-03
1222,Aalesund,NOR,1,1397,2026-10-03,2026-10-03
1223,HNK Gorica,CRO,1,1397,2026-10-03,2026-10-03
1224,Stade Tunisien,TUN,1,1397,2026-10-03,2026-10-03
1225,Macarthur FC,AUS,1,1397,2026-10-03,2026-10-03
1226,JS Kabylie,ALG,1,1397,2026-10-03,2026-10-03
1227,Crewe,ENG,4,1396,2026-10-03,2026-10-03
1228,Inter II,ITA,3,1396,2026-10-03,2026-10-03
1229,Wydad Temara,MAR,1,1396,2026-10-03,2026-10-03
1230,UD Almería B,ESP,3,1395,2026-10-03,2026-10-03
1231,FC Porto B,POR,2,1395,2026-10-03,2026-10-03
1232,Breda,NED,2,1395,2026-10-03,2026-10-03
1233,Milford,RSA,1,1395,2026-10-03,2026-10-03
1234,Ratchaburi FC,THA,1,1395,2026-10-03,2026-10-03
1235,Fuerth,GER,2,1394.82678223,2026-08-31,2026-12-31
1236,FC Chelyabinsk,RUS,2,1394,2026-10-03,2026-10-03
1237,Western Sydney W,AUS,1,1394,2026-10-03,2026-10-03
1238,Neman Grodno,BLR,1,1394,2026-10-03,2026-10-03
1239,Nimes,FRA,3,1393,2026-10-03,2026-10-03
1240,Waalwijk,NED,2,1393,2026-10-03,2026-10-03
1241,Rotherham,ENG,4,1392,2026-10-03,2026-10-03
1242,Atalanta II,ITA,3,1392,2026-10-03,2026-10-03
1243,Albinoleffe,ITA,3,1392,2026-10-03,2026-10-03
1244,Winterthur,SUI,2,1392,2026-10-03,2026-10-03
1245,Zemamra,MAR,1,1392,2026-10-03,2026-10-03
1246,Wellington Phoen,AUS,1,1392,2026-10-03,2026-10-03
1247,US Pianese,ITA,3,1391,2026-10-03,2026-10-03
1248,Casertana,ITA,3,1391,2026-10-03,2026-10-03
1249,Sporting CP B,POR,2,1391,2026-10-03,2026-10-03
1250,N Carolina FC,USA,2,1391,2026-10-03,2026-10-03
1251,FC Cajamarca,PER,1,1391,2026-10-03,2026-10-03
1252,Wadi Degla FC,EGY,1,1391,2026-10-03,2026-10-03
1253,Perugia,ITA,3,1390,2026-10-03,2026-10-03
1254,Trento,ITA,3,1390,2026-10-03,2026-10-03
1255,Al Fateh,KSA,1,1390,2026-10-03,2026-10-03
1256,AmaZulu FC,RSA,1,1390,2026-10-03,2026-10-03
1257,Hermannstadt,ROU,1,1390,2026-10-03,2026-10-03
1258,Chongqing Tongli,CHN,1,1390,2026-10-03,2026-10-03
1259,Monagas,VEN,1,1390,2026-10-03,2026-10-03
1260,Kauno Zalgiris,LTU,1,1390,2026-10-03,2026-10-03
1261,Colchester,ENG,4,1389,2026-10-03,2026-10-03
1262,Bristol Rovers,ENG,4,1389,2026-10-03,2026-10-03
1263,AS Ostia Mare Li,ITA,3,1389,2026-10-03,2026-10-03
1264,AEL Limassol,CYP,1,1389,2026-10-03,2026-10-03
1265,Sekhukhune Unite,RSA,1,1389,2026-10-03,2026-10-03
1266,Comerciantes Uni,PER,1,1389,2026-10-03,2026-10-03
1267,Estudiantes de M,VEN,1,1389,2026-10-03,2026-10-03
1268,Paris 13 Atletic,FRA,3,1388,2026-10-03,2026-10-03
1269,Tula,RUS,2,1388,2026-10-03,2026-10-03
1270,Dundee,SCO,1,1388,2026-10-03,2026-10-03
1271,Arzignano,ITA,3,1387,2026-10-03,2026-10-03
1272,AE Kifisias,GRE,1,1387,2026-10-03,2026-10-03
1273,Real Tomayapo,BOL,1,1387,2026-10-03,2026-10-03
1274,Municipal Liberi,CRC,1,1387,2026-10-03,2026-10-03
1275,Puntarenas FC,CRC,1,1387,2026-10-03,2026-10-03
1276,FK Semey,KAZ,1,1387,2026-10-03,2026-10-03
1277,Novara,ITA,3,1386,2026-10-03,2026-10-03
1278,Noworossisk,RUS,2,1386,2026-10-03,2026-10-03
1279,Almere,NED,2,1386,2026-10-03,2026-10-03
1280,Stal Mielec,POL,2,1386,2026-10-03,2026-10-03
1281,Videoton,HUN,1,1386,2026-10-03,2026-10-03
1282,Al Masry Club,EGY,1,1386,2026-10-03,2026-10-03
1283,Sheriff Tiraspol,MDA,1,1386,2026-10-03,2026-10-03
1284,Chateauroux,FRA,3,1385,2026-10-03,2026-10-03
1285,Start,NOR,1,1385,2026-10-03,2026-10-03
1286,Sporting FC,CRC,1,1385,2026-10-03,2026-10-03
1287,FC Nasaf,UZB,1,1385,2026-10-03,2026-10-03
1288,Oldham,ENG,4,1384,2026-10-03,2026-10-03
1289,Al-Faisaly,KSA,1,1384,2026-10-03,2026-10-03
1290,Meknés,MAR,1,1384,2026-10-03,2026-10-03
1291,Auckland City,NZL,1,1384,2026-10-03,2026-10-03
1292,Haecken,SWE,1,1383.41943359,2026-08-31,2026-12-31
1293,Unterhaching,GER,2,1383,2026-10-03,2026-10-03
1294,Villefranche,FRA,3,1383,2026-10-03,2026-10-03
1295,Az Picerno Asd,ITA,3,1383,2026-10-03,2026-10-03
1296,Kecskemeti,HUN,1,1383,2026-10-03,2026-10-03
1297,AD Guanacasteca,CRC,1,1383,2026-10-03,2026-10-03
1298,Stjarnan,ISL,1,1383,2026-10-03,2026-10-03
1299,FK Ufa,RUS,2,1382,2026-10-03,2026-10-03
1300,KAMAZ,RUS,2,1382,2026-10-03,2026-10-03
1301,Falkirk,SCO,1,1382,2026-10-03,2026-10-03
1302,Örgryte,SWE,1,1382,2026-10-03,2026-10-03
1303,Binacional,PER,1,1382,2026-10-03,2026-10-03
1304,El Jadida,MAR,1,1382,2026-10-03,2026-10-03
1305,Portimonense,POR,2,1381,2026-10-03,2026-10-03
1306,Pacos Ferreira,POR,2,1381,2026-10-03,2026-10-03
1307,Aberdeen,SCO,1,1381,2026-10-03,2026-10-03
1308,Olympiakos Nicos,CYP,1,1381,2026-10-03,2026-10-03
1309,Alianza Universi,PER,1,1381,2026-10-03,2026-10-03
1310,Turan Tovuz,MAS,1,1381,2026-10-03,2026-10-03
1311,FK Železiarne Po,SVK,1,1381,2026-10-03,2026-10-03
1312,FK Sarajevo,BIH,1,1381,2026-10-03,2026-10-03
1313,Al Shorta,AFC,1,1381,2026-10-03,2026-10-03
1314,FC Iberia 1999,GEO,1,1381,2026-10-03,2026-10-03
1315,AlbinoLeffe,ITA,3,1380,2026-10-03,2026-10-03
1316,Étoile du Sahel,TUN,1,1380,2026-10-03,2026-10-03
1317,Hapoel Jerusalem,ISR,1,1379,2026-10-03,2026-10-03
1318,Halmstad,SWE,1,1379,2026-10-03,2026-10-03
1319,CD Quintanar Del,ESP,3,1378,2026-10-03,2026-10-03
1320,Juventus U23,ITA,3,1378,2026-10-03,2026-10-03
1321,Calcio Desenzano,ITA,3,1378,2026-10-03,2026-10-03
1322,Gubbio,ITA,3,1378,2026-10-03,2026-10-03
1323,Zlín,CZE,1,1378,2026-10-03,2026-10-03
1324,Jorge Wilsterman,BOL,1,1378,2026-10-03,2026-10-03
1325,Lexington SC,USA,2,1378,2026-10-03,2026-10-03
1326,Breidablik,ISL,1,1378,2026-10-03,2026-10-03
1327,Cheltenham,ENG,4,1377,2026-10-03,2026-10-03
1328,Renate,ITA,3,1377,2026-10-03,2026-10-03
1329,Al Fayha,KSA,1,1377,2026-10-03,2026-10-03
1330,GS Kallithea,GRE,2,1377,2026-10-03,2026-10-03
1331,St Mirren,SCO,1,1377,2026-10-03,2026-10-03
1332,Ironi Tiberias,ISR,1,1377,2026-10-03,2026-10-03
1333,Cavese,ITA,3,1376,2026-10-03,2026-10-03
1334,Oleksandriya,UKR,1,1376,2026-10-03,2026-10-03
1335,Phoenix Rising,USA,2,1375,2026-10-03,2026-10-03
1336,Stellenbosch FC,RSA,1,1375,2026-10-03,2026-10-03
1337,KF Ballkani,KOS,1,1375,2026-10-03,2026-10-03
1338,Triestina,ITA,3,1374,2026-10-03,2026-10-03
1339,San Antonio FC,USA,2,1374,2026-10-03,2026-10-03
1340,H Petach Tikva,ISR,1,1374,2026-10-03,2026-10-03
1341,Trapani,ITA,3,1373,2026-10-03,2026-10-03
1342,Al Khaleej,KSA,1,1373,2026-10-03,2026-10-03
1343,Juan Pablo II Co,PER,1,1373,2026-10-03,2026-10-03
1344,Suedtirol,ITA,2,1372.29504395,2026-08-31,2026-12-31
1345,Livorno,ITA,3,1372,2026-10-03,2026-10-03
1346,Giugliano,ITA,3,1372,2026-10-03,2026-10-03
1347,NFC Volos,GRE,1,1372,2026-10-03,2026-10-03
1348,Kilmarnock,SCO,1,1372,2026-10-03,2026-10-03
1349,Železničar Panče,SRB,1,1372,2026-10-03,2026-10-03
1350,AL Qenah,EGY,1,1372,2026-10-03,2026-10-03
1351,Pineto,ITA,3,1371,2026-10-03,2026-10-03
1352,Agadir,MAR,1,1371,2026-10-03,2026-10-03
1353,Aktobe,KAZ,1,1371,2026-10-03,2026-10-03
1354,AF Elbasani,ALB,1,1371,2026-10-03,2026-10-03
1355,Universitario de,BOL,1,1370,2026-10-03,2026-10-03
1356,Corvinul Hunedoa,ROU,1,1370,2026-10-03,2026-10-03
1357,Tobol,KAZ,1,1370,2026-10-03,2026-10-03
1358,Neftchi Farg'ona,UZB,1,1370,2026-10-03,2026-10-03
1359,Espanyol Barcelo,ESP,3,1369,2026-10-03,2026-10-03
1360,Kisvarda,HUN,1,1369,2026-10-03,2026-10-03
1361,ZED FC,EGY,1,1369,2026-10-03,2026-10-03
1362,Voluntari,ROU,1,1369,2026-10-03,2026-10-03
1363,Safi,MAR,1,1369,2026-10-03,2026-10-03
1364,Olympique Dcheir,MAR,1,1369,2026-10-03,2026-10-03
1365,Levadia Tallinn,EST,1,1369,2026-10-03,2026-10-03
1366,Goeteborg,SWE,1,1368.79516602,2026-08-31,2026-12-31
1367,RAAL,BEL,1,1368.54003906,2026-08-31,2026-12-31
1368,Feirense,POR,2,1368,2026-10-03,2026-10-03
1369,Vorskla,UKR,1,1368,2026-10-03,2026-10-03
1370,KF Prishtina,KOS,1,1368,2026-10-03,2026-10-03
1371,Dukla,CZE,2,1367,2026-10-03,2026-10-03
1372,Veres,UKR,1,1367,2026-10-03,2026-10-03
1373,FC Politehnica I,ROU,1,1367,2026-10-03,2026-10-03
1374,Yacoub,MAR,1,1367,2026-10-03,2026-10-03
1375,The New Saints,WAL,1,1367,2026-10-03,2026-10-03
1376,Spal,ITA,3,1366,2026-10-03,2026-10-03
1377,St Johnstone,SCO,1,1366,2026-10-03,2026-10-03
1378,Bohemians Dublin,IRL,1,1366,2026-10-03,2026-10-03
1379,Epitsentr,UKR,1,1365,2026-10-03,2026-10-03
1380,Academica,POR,2,1364,2026-10-03,2026-10-03
1381,National Bank SC,EGY,1,1364,2026-10-03,2026-10-03
1382,Al Shamal SC,QAT,1,1363,2026-10-03,2026-10-03
1383,Torpedo Zhodino,BLR,1,1363,2026-10-03,2026-10-03
1384,Real Valladolid,ESP,3,1362,2026-10-03,2026-10-03
1385,Deportivo Aragón,ESP,3,1362,2026-10-03,2026-10-03
1386,Bourg-Peronnas,FRA,3,1362,2026-10-03,2026-10-03
1387,Seinajoki,FIN,1,1362,2026-10-03,2026-10-03
1388,AE Lárissa,GRE,2,1361,2026-10-03,2026-10-03
1389,FC Košice,SVK,1,1361,2026-10-03,2026-10-03
1390,Akron Togliatti,RUS,1,1360.69018555,2026-08-31,2026-12-31
1391,Sorrento,ITA,3,1360,2026-10-03,2026-10-03
1392,Damac FC,KSA,1,1360,2026-10-03,2026-10-03
1393,Kragujevac,SRB,1,1360,2026-10-03,2026-10-03
1394,Cherno More,BUL,1,1360,2026-10-03,2026-10-03
1395,Zamora,VEN,1,1360,2026-10-03,2026-10-03
1396,Hamrun,MLT,1,1360,2026-10-03,2026-10-03
1397,Lecco,ITA,3,1359,2026-10-03,2026-10-03
1398,Bryne,NOR,2,1359,2026-10-03,2026-10-03
1399,Botev Plovdiv,BUL,1,1359,2026-10-03,2026-10-03
1400,Novara,ITA,3,1358,2026-10-03,2026-10-03
1401,Foggia,ITA,3,1358,2026-10-03,2026-10-03
1402,Lucchese,ITA,3,1358,2026-10-03,2026-10-03
1403,Kiryat Shmona,ISR,1,1358,2026-10-03,2026-10-03
1404,Sharjah FC,UAE,1,1358,2026-10-03,2026-10-03
1405,Dinamo Tbilisi,GEO,1,1358,2026-10-03,2026-10-03
1406,Vllaznia,ALB,1,1357,2026-10-03,2026-10-03
1407,CD Tudelano,ESP,3,1356,2026-10-03,2026-10-03
1408,Forli,ITA,3,1356,2026-10-03,2026-10-03
1409,RFC Liège,BEL,2,1356,2026-10-03,2026-10-03
1410,Al Riyadh,KSA,1,1356,2026-10-03,2026-10-03
1411,Honved,HUN,1,1356,2026-10-03,2026-10-03
1412,UCV Moquegua,PER,1,1356,2026-10-03,2026-10-03
1413,Dinamo Brest,BLR,1,1356,2026-10-03,2026-10-03
1414,Petrocub,MDA,1,1356,2026-10-03,2026-10-03
1415,Havelse,GER,2,1355,2026-10-03,2026-10-03
1416,FC Turris,ITA,3,1355,2026-10-03,2026-10-03
1417,Patro Eisden MM,BEL,2,1355,2026-10-03,2026-10-03
1418,FK Neftekhimik,RUS,2,1355,2026-10-03,2026-10-03
1419,Al Gharafa,QAT,1,1355,2026-10-03,2026-10-03
1420,Shelbourne,IRL,1,1355,2026-10-03,2026-10-03
1421,Guidonia Montece,ITA,3,1354,2026-10-03,2026-10-03
1422,Wuhan Three Town,CHN,1,1354,2026-10-03,2026-10-03
1423,Vis Pesaro,ITA,3,1353,2026-10-03,2026-10-03
1424,Alanya,RUS,2,1353,2026-10-03,2026-10-03
1425,Orange County,USA,2,1353,2026-10-03,2026-10-03
1426,Cavese,ITA,3,1352,2026-10-03,2026-10-03
1427,Haugesund,NOR,2,1352,2026-10-03,2026-10-03
1428,Perth Glory,AUS,1,1352,2026-10-03,2026-10-03
1429,Värnamo,SWE,2,1351,2026-10-03,2026-10-03
1430,Vitesse,NED,2,1350,2026-10-03,2026-10-03
1431,Brisbane Roar,AUS,1,1350,2026-10-03,2026-10-03
1432,Lincoln,GIB,1,1350,2026-10-03,2026-10-03
1433,CD Alavés B,ESP,3,1349,2026-10-03,2026-10-03
1434,Future FC,EGY,1,1349,2026-10-03,2026-10-03
1435,Modern Future FC,EGY,1,1349,2026-10-03,2026-10-03
1436,Liaoning Shenyan,CHN,1,1349,2026-10-03,2026-10-03
1437,Derry City,IRL,1,1349,2026-10-03,2026-10-03
1438,Rimini,ITA,3,1348,2026-10-03,2026-10-03
1439,Abha,KSA,1,1348,2026-10-03,2026-10-03
1440,Omonia Aradippou,CYP,1,1348,2026-10-03,2026-10-03
1441,Gillingham,ENG,4,1347,2026-10-03,2026-10-03
1442,SD Gernika,ESP,3,1347,2026-10-03,2026-10-03
1443,Boise,USA,2,1347,2026-10-03,2026-10-03
1444,Diosgyori,HUN,1,1347,2026-10-03,2026-10-03
1445,SKA-Khabarovsk,RUS,2,1346,2026-10-03,2026-10-03
1446,Roda,NED,2,1346,2026-10-03,2026-10-03
1447,Golden Arrows,RSA,1,1346,2026-10-03,2026-10-03
1448,Atert Bissen,LUX,1,1346,2026-10-03,2026-10-03
1449,Altamura,ITA,3,1345,2026-10-03,2026-10-03
1450,Rukh Lviv,UKR,1,1345,2026-10-03,2026-10-03
1451,Backa Topola,SRB,1,1345,2026-10-03,2026-10-03
1452,Giana Erminio,ITA,3,1344,2026-10-03,2026-10-03
1453,Siracusa Calcio,ITA,3,1344,2026-10-03,2026-10-03
1454,Northampton,ENG,4,1343,2026-10-03,2026-10-03
1455,Alcione Milano,ITA,3,1343,2026-10-03,2026-10-03
1456,FC Volga Ulyanov,RUS,2,1343,2026-10-03,2026-10-03
1457,Indy Eleven,USA,2,1343,2026-10-03,2026-10-03
1458,Santos de Guápil,CRC,1,1343,2026-10-03,2026-10-03
1459,Osnabrueck,GER,2,1342.63476562,2026-08-31,2026-12-31
1460,Dunajska,SLK,,1342.41223145,2026-08-31,2026-12-31
1461,CD Mafra,POR,2,1342,2026-10-03,2026-10-03
1462,De Graafschap,NED,2,1342,2026-10-03,2026-10-03
1463,FK Čukarički,SRB,1,1342,2026-10-03,2026-10-03
1464,OFK,SRB,1,1342,2026-10-03,2026-10-03
1465,Al Ra’ed,KSA,1,1341,2026-10-03,2026-10-03
1466,Petrojet,EGY,1,1341,2026-10-03,2026-10-03
1467,Ayacucho FC,PER,1,1340,2026-10-03,2026-10-03
1468,Runavik,FRO,1,1340,2026-10-03,2026-10-03
1469,Dila Gori,GEO,1,1340,2026-10-03,2026-10-03
1470,Torpedo Kutaisi,GEO,1,1340,2026-10-03,2026-10-03
1471,Pergolettese,ITA,3,1339,2026-10-03,2026-10-03
1472,Ashdod,ISR,1,1339,2026-10-03,2026-10-03
1473,Zalgiris Vilnius,LTU,1,1339,2026-10-03,2026-10-03
1474,ABB,BOL,1,1338,2026-10-03,2026-10-03
1475,Sibenik,CRO,1,1338,2026-10-03,2026-10-03
1476,ENPPI,EGY,1,1338,2026-10-03,2026-10-03
1477,MFK Zemplín Mich,SVK,1,1338,2026-10-03,2026-10-03
1478,Al Arabi,QAT,1,1338,2026-10-03,2026-10-03
1479,FK Novi Pazar,SRB,1,1337,2026-10-03,2026-10-03
1480,Sileks,MKD,1,1337,2026-10-03,2026-10-03
1481,Rochdale AFC,ENG,4,1336,2026-10-03,2026-10-03
1482,SuperSport Unite,RSA,1,1336,2026-10-03,2026-10-03
1483,Rayo Zuliano,VEN,1,1336,2026-10-03,2026-10-03
1484,Escaldes,AND,1,1336,2026-10-03,2026-10-03
1485,Marumo Gallants,RSA,1,1335,2026-10-03,2026-10-03
1486,HB Torshavn,FRO,1,1335,2026-10-03,2026-10-03
1487,Accrington Stanl,ENG,4,1334,2026-10-03,2026-10-03
1488,H Tel Aviv,ISR,1,1333.1138916,2026-08-31,2026-12-31
1489,UD Oliveirense,POR,2,1333,2026-10-03,2026-10-03
1490,Tyumen,RUS,2,1333,2026-10-03,2026-10-03
1491,Carpi,ITA,3,1332,2026-10-03,2026-10-03
1492,Latina,ITA,3,1332,2026-10-03,2026-10-03
1493,Latina,ITA,3,1332,2026-10-03,2026-10-03
1494,Partizani Tirana,ALB,1,1332,2026-10-03,2026-10-03
1495,SSD Savoia 1908,ITA,3,1331,2026-10-03,2026-10-03
1496,Panserraikos,GRE,2,1330,2026-10-03,2026-10-03
1497,Oakland Roots,USA,2,1330,2026-10-03,2026-10-03
1498,Vukovar 91,CRO,1,1330,2026-10-03,2026-10-03
1499,M Petach Tikva,ISR,1,1330,2026-10-03,2026-10-03
1500,Bnei Sakhinin,ISR,1,1330,2026-10-03,2026-10-03
1501,Shenzhen Peng Ci,CHN,1,1330,2026-10-03,2026-10-03
1502,Banants,ARM,1,1330,2026-10-03,2026-10-03
1503,Zimbru,MDA,1,1330,2026-10-03,2026-10-03
1504,Crawley,ENG,4,1329,2026-10-03,2026-10-03
1505,Lumezzane,ITA,3,1329,2026-10-03,2026-10-03
1506,Adana Demirspor,TUR,2,1329,2026-10-03,2026-10-03
1507,UTC,PER,1,1329,2026-10-03,2026-10-03
1508,Araz-Naxçıvan PF,AZE,1,1329,2026-10-03,2026-10-03
1509,Barbastro,ESP,3,1328,2026-10-03,2026-10-03
1510,Achnas,CYP,1,1328,2026-10-03,2026-10-03
1511,Polokwane City F,RSA,1,1328,2026-10-03,2026-10-03
1512,Tétouan,MAR,1,1328,2026-10-03,2026-10-03
1513,Alashkert,ARM,1,1328,2026-10-03,2026-10-03
1514,Ebro,ESP,3,1327,2026-10-03,2026-10-03
1515,Eny Digenis Ipso,CYP,1,1327,2026-10-03,2026-10-03
1516,Ayacucho FC,PER,1,1327,2026-10-03,2026-10-03
1517,Unirea Slobozia,ROU,1,1327,2026-10-03,2026-10-03
1518,Al Orobah,KSA,1,1326,2026-10-03,2026-10-03
1519,Siwelele,RSA,1,1326,2026-10-03,2026-10-03
1520,Municipal Pérez,CRC,1,1326,2026-10-03,2026-10-03
1521,Fatih Karaguemruek,TUR,1,1325.40710449,2026-08-31,2026-12-31
1522,Livyi Bereh,UKR,1,1325,2026-10-03,2026-10-03
1523,IMT Beograd,SRB,1,1325,2026-10-03,2026-10-03
1524,KF Malisheva,KOS,1,1325,2026-10-03,2026-10-03
1525,Coleraine,NIR,1,1325,2026-10-03,2026-10-03
1526,Tranmere,ENG,4,1324,2026-10-03,2026-10-03
1527,Cape Town City F,RSA,1,1324,2026-10-03,2026-10-03
1528,Lok Plovdiv,BUL,1,1324,2026-10-03,2026-10-03
1529,Differdang,LUX,1,1324,2026-10-03,2026-10-03
1530,Larne,NIR,1,1323,2026-10-03,2026-10-03
1531,Inhulets,UKR,1,1322,2026-10-03,2026-10-03
1532,US Pergolettese,ITA,3,1321,2026-10-03,2026-10-03
1533,Messina,ITA,3,1321,2026-10-03,2026-10-03
1534,Pro Patria,ITA,3,1321,2026-10-03,2026-10-03
1535,Pro Vercelli,ITA,3,1321,2026-10-03,2026-10-03
1536,FK Csikszereda,ROU,1,1321,2026-10-03,2026-10-03
1537,Espérance Zarzis,TUN,1,1321,2026-10-03,2026-10-03
1538,Amarante,POR,2,1320,2026-10-03,2026-10-03
1539,Chernomorets,UKR,1,1320,2026-10-03,2026-10-03
1540,Slavia Sofia,BUL,1,1320,2026-10-03,2026-10-03
1541,Al Wakrah,QAT,1,1320,2026-10-03,2026-10-03
1542,Dolomiti,ITA,3,1319,2026-10-03,2026-10-03
1543,Team Altamura,ITA,3,1319,2026-10-03,2026-10-03
1544,Sorrento,ITA,3,1319,2026-10-03,2026-10-03
1545,FK Auda,LVA,1,1319,2026-10-03,2026-10-03
1546,Langreo,ESP,3,1318,2026-10-03,2026-10-03
1547,Legnago Salus,ITA,3,1318,2026-10-03,2026-10-03
1548,Keshla,AZE,1,1318,2026-10-03,2026-10-03
1549,Carlisle,ENG,5,1316,2026-10-03,2026-10-03
1550,Newport County,ENG,4,1315,2026-10-03,2026-10-03
1551,Lorca Deportiva,ESP,3,1315,2026-10-03,2026-10-03
1552,Radnik Surdulica,SRB,1,1315,2026-10-03,2026-10-03
1553,Sestri Levante,ITA,3,1314,2026-10-03,2026-10-03
1554,Sportivo San Lor,PAR,1,1314,2026-10-03,2026-10-03
1555,Aluminij,SVN,1,1314,2026-10-03,2026-10-03
1556,Giugliano,ITA,3,1313,2026-10-03,2026-10-03
1557,FK Leningradets,RUS,2,1313,2026-10-03,2026-10-03
1558,Partick,SCO,2,1313,2026-10-03,2026-10-03
1559,Hapoel Eran Hade,ISR,1,1313,2026-10-03,2026-10-03
1560,Podgorica,MNE,1,1313,2026-10-03,2026-10-03
1561,Shrewsbury,ENG,4,1312,2026-10-03,2026-10-03
1562,Las Vegas Lights,USA,2,1312,2026-10-03,2026-10-03
1563,Royal AM,RSA,1,1312,2026-10-03,2026-10-03
1564,US Mondorf,LUX,1,1311,2026-10-03,2026-10-03
1565,Obolon,UKR,1,1310,2026-10-03,2026-10-03
1566,Mladost Lucani,SRB,1,1310,2026-10-03,2026-10-03
1567,Harrogate,ENG,5,1309,2026-10-03,2026-10-03
1568,Birmingham Legio,USA,2,1309,2026-10-03,2026-10-03
1569,Akritas Chloraka,CYP,1,1309,2026-10-03,2026-10-03
1570,Ittihad El Iskan,EGY,1,1309,2026-10-03,2026-10-03
1571,Radomlje,SVN,1,1309,2026-10-03,2026-10-03
1572,Alianza Universi,PER,1,1308,2026-10-03,2026-10-03
1573,Al Mokawloon,EGY,1,1308,2026-10-03,2026-10-03
1574,US Ben Guerdane,TUN,1,1308,2026-10-03,2026-10-03
1575,Bra,ITA,3,1307,2026-10-03,2026-10-03
1576,Jong AZ,NED,2,1304,2026-10-03,2026-10-03
1577,Al Okhdood,KSA,1,1304,2026-10-03,2026-10-03
1578,Brinje Grosuplje,SVN,1,1304,2026-10-03,2026-10-03
1579,Sambenedettese,ITA,3,1303,2026-10-03,2026-10-03
1580,Venlo,NED,2,1303,2026-10-03,2026-10-03
1581,Emmen,NED,2,1303,2026-10-03,2026-10-03
1582,FK MAS Táborsko,CZE,2,1303,2026-10-03,2026-10-03
1583,PetroJet FC,EGY,1,1303,2026-10-03,2026-10-03
1584,Soualem,MAR,1,1303,2026-10-03,2026-10-03
1585,Ruzomberok,SVK,1,1303,2026-10-03,2026-10-03
1586,Nafta,SVN,1,1303,2026-10-03,2026-10-03
1587,Zeljeznicar,BIH,1,1303,2026-10-03,2026-10-03
1588,UNA Strassen,LUX,1,1303,2026-10-03,2026-10-03
1589,Nea Salamis,CYP,1,1302,2026-10-03,2026-10-03
1590,TS Galaxy,RSA,1,1302,2026-10-03,2026-10-03
1591,Smouha Sporting,EGY,1,1302,2026-10-03,2026-10-03
1592,El Gouna,EGY,1,1302,2026-10-03,2026-10-03
1593,Barrow,ENG,5,1301,2026-10-03,2026-10-03
1594,Maccabi Bnei Rai,ISR,1,1301,2026-10-03,2026-10-03
1595,Changchun Yatai,CHN,1,1301,2026-10-03,2026-10-03
1596,Atletico Astorga,ESP,3,1299,2026-10-03,2026-10-03
1597,AS Trenčín,SVK,1,1299,2026-10-03,2026-10-03
1598,Pro Vercelli,ITA,3,1298,2026-10-03,2026-10-03
1599,Al Wehda,KSA,1,1298,2026-10-03,2026-10-03
1600,Lamia,GRE,2,1298,2026-10-03,2026-10-03
1601,Livingston,SCO,2,1297,2026-10-03,2026-10-03
1602,Tala'ea El Gaish,EGY,1,1297,2026-10-03,2026-10-03
1603,Linfield,NIR,1,1297,2026-10-03,2026-10-03
1604,Coruxo FC,ESP,3,1296,2026-10-03,2026-10-03
1605,MFK Skalica,SVK,1,1296,2026-10-03,2026-10-03
1606,Las Palmas II,ESP,3,1295,2026-10-03,2026-10-03
1607,AC Milan II,ITA,3,1294,2026-10-03,2026-10-03
1608,Imisli FK,AZE,1,1294,2026-10-03,2026-10-03
1609,Al Ahli Doha,QAT,1,1294,2026-10-03,2026-10-03
1610,Panevezys,LTU,1,1294,2026-10-03,2026-10-03
1611,Viitorul,ROM,1,1293.85339355,2026-08-31,2026-12-31
1612,Qingdao Yizhong,CHN,1,1293,2026-10-03,2026-10-03
1613,Triestina,ITA,3,1292,2026-10-03,2026-10-03
1614,Pontedera,ITA,3,1292,2026-10-03,2026-10-03
1615,Loudoun United,USA,2,1292,2026-10-03,2026-10-03
1616,Lok Sofia,BUL,1,1292,2026-10-03,2026-10-03
1617,Ghazl Al Mehalla,EGY,1,1291,2026-10-03,2026-10-03
1618,Botev Vratsa,BUL,1,1291,2026-10-03,2026-10-03
1619,Miami FC,USA,2,1290,2026-10-03,2026-10-03
1620,One Knoxville,USA,2,1290,2026-10-03,2026-10-03
1621,Chippa United,RSA,1,1290,2026-10-03,2026-10-03
1622,ES Métlaoui,TUN,1,1290,2026-10-03,2026-10-03
1623,Mura,SVN,1,1290,2026-10-03,2026-10-03
1624,Floriana,MLT,1,1290,2026-10-03,2026-10-03
1625,Morecambe,ENG,5,1289,2026-10-03,2026-10-03
1626,Karmiotissa Pole,CYP,1,1286,2026-10-03,2026-10-03
1627,Richards Bay FC,RSA,1,1286,2026-10-03,2026-10-03
1628,Qatar SC,QAT,1,1286,2026-10-03,2026-10-03
1629,Domzale,SVN,1,1286,2026-10-03,2026-10-03
1630,Liepajas,LVA,1,1286,2026-10-03,2026-10-03
1631,Dordrecht,NED,2,1285,2026-10-03,2026-10-03
1632,Radnički Niš,SRB,1,1285,2026-10-03,2026-10-03
1633,Durban City,RSA,1,1285,2026-10-03,2026-10-03
1634,Sokol Saratov,RUS,2,1284,2026-10-03,2026-10-03
1635,Santa Coloma,AND,1,1283,2026-10-03,2026-10-03
1636,Velez Mostar,BIH,1,1282,2026-10-03,2026-10-03
1637,Paide Linnameesk,EST,1,1281,2026-10-03,2026-10-03
1638,Charlotte Ind,USA,2,1280,2026-10-03,2026-10-03
1639,Inter Baku,AZE,1,1280,2026-10-03,2026-10-03
1640,JS Omrane,TUN,1,1280,2026-10-03,2026-10-03
1641,Portland Hearts,USA,2,1279,2026-10-03,2026-10-03
1642,Meizhou Hakka,CHN,1,1279,2026-10-03,2026-10-03
1643,BATE,BLR,1,1279,2026-10-03,2026-10-03
1644,Sumqayit,AZE,1,1278,2026-10-03,2026-10-03
1645,KFC Komárno,SVK,1,1278,2026-10-03,2026-10-03
1646,CA Bizertin,TUN,1,1278,2026-10-03,2026-10-03
1647,Sutjeska,MNE,1,1278,2026-10-03,2026-10-03
1648,FC Kudrivka,UKR,1,1277,2026-10-03,2026-10-03
1649,Spartak Varna,BUL,1,1277,2026-10-03,2026-10-03
1650,Kahraba,EGY,1,1276,2026-10-03,2026-10-03
1651,FK Krumovgrad,BUL,1,1273,2026-10-03,2026-10-03
1652,Arbroath,SCO,2,1272,2026-10-03,2026-10-03
1653,Den Bosch,NED,2,1271,2026-10-03,2026-10-03
1654,Jong PSV,NED,2,1271,2026-10-03,2026-10-03
1655,Antelope Valley,USA,2,1271,2026-10-03,2026-10-03
1656,Ross County,SCO,2,1270,2026-10-03,2026-10-03
1657,Gloria Buzau,ROU,1,1270,2026-10-03,2026-10-03
1658,FC Hegelmann,LTU,1,1270,2026-10-03,2026-10-03
1659,US Folgore Carat,ITA,3,1269,2026-10-03,2026-10-03
1660,FK Chayka,RUS,2,1269,2026-10-03,2026-10-03
1661,Academia Anzoate,VEN,1,1269,2026-10-03,2026-10-03
1662,FC Eindhoven,NED,2,1266,2026-10-03,2026-10-03
1663,Yaracuyanos FC,VEN,1,1265,2026-10-03,2026-10-03
1664,Víkingur,FRO,1,1265,2026-10-03,2026-10-03
1665,Vaesteras,SWE,1,1264.99951172,2026-08-31,2026-12-31
1666,Al Shahaniya,QAT,1,1263,2026-10-03,2026-10-03
1667,Schweinfurt,GER,2,1262,2026-10-03,2026-10-03
1668,Hapoel Ramat Gan,ISR,1,1262,2026-10-03,2026-10-03
1669,Beroe Stara Zago,BUL,1,1261,2026-10-03,2026-10-03
1670,Santa Ana,CRC,1,1261,2026-10-03,2026-10-03
1671,Caldiero Terme,ITA,3,1260,2026-10-03,2026-10-03
1672,Maastricht,NED,2,1260,2026-10-03,2026-10-03
1673,Banga Gargždai,LTU,1,1260,2026-10-03,2026-10-03
1674,FK Javor,SRB,1,1259,2026-10-03,2026-10-03
1675,Magesi FC,RSA,1,1259,2026-10-03,2026-10-03
1676,1. FC Tatran Pre,SVK,1,1259,2026-10-03,2026-10-03
1677,Macva Sabac,SRB,1,1258,2026-10-03,2026-10-03
1678,Oergryte,SWE,1,1257.30456543,2026-08-31,2026-12-31
1679,Marsaxlokk,MLT,1,1257,2026-10-03,2026-10-03
1680,Flora Tallinn,EST,1,1256,2026-10-03,2026-10-03
1681,Dudelange,LUX,1,1256,2026-10-03,2026-10-03
1682,Lok Leipzig,GER,2,1255,2026-10-03,2026-10-03
1683,Monterey Bay FC,USA,2,1254,2026-10-03,2026-10-03
1684,Pharco FC,EGY,1,1254,2026-10-03,2026-10-03
1685,Haras El Hodood,EGY,1,1254,2026-10-03,2026-10-03
1686,Banska Bystrica,SVK,1,1254,2026-10-03,2026-10-03
1687,Primorje,SVN,1,1253,2026-10-03,2026-10-03
1688,Avenir de La Mar,TUN,1,1251,2026-10-03,2026-10-03
1689,KF Dukagjini,KOS,1,1251,2026-10-03,2026-10-03
1690,Umm-Salal,QAT,1,1250,2026-10-03,2026-10-03
1691,Foggia,ITA,3,1249,2026-10-03,2026-10-03
1692,Ivanovo,RUS,2,1249,2026-10-03,2026-10-03
1693,Akureyri,ISL,1,1248,2026-10-03,2026-10-03
1694,Metaloglobus Buc,ROU,1,1246,2026-10-03,2026-10-03
1695,Sabail,AZE,1,1245,2026-10-03,2026-10-03
1696,Yaracuyanos FC,VEN,1,1245,2026-10-03,2026-10-03
1697,Milsami Orhei,MDA,1,1245,2026-10-03,2026-10-03
1698,Nomme Kalju,EST,1,1245,2026-10-03,2026-10-03
1699,Birkirkara,MLT,1,1245,2026-10-03,2026-10-03
1700,Dunfermline,SCO,2,1244,2026-10-03,2026-10-03
1701,Kapaz PFK,AZE,1,1244,2026-10-03,2026-10-03
1702,Helmond Sport,NED,2,1242,2026-10-03,2026-10-03
1703,FC Kharkiv,UKR,1,1241.81884766,2026-08-31,2026-12-31
1704,LNZ,UKR,1,1241.81884766,2026-08-31,2026-12-31
1705,Episentr,UKR,1,1241.81884766,2026-08-31,2026-12-31
1706,Glentoran,NIR,1,1240,2026-10-03,2026-10-03
1707,Ghazl Al Mehalla,EGY,1,1239,2026-10-03,2026-10-03
1708,Septemvri Sofia,BUL,1,1239,2026-10-03,2026-10-03
1709,TOP Oss,NED,2,1238,2026-10-03,2026-10-03
1710,Olympique Béja,TUN,1,1238,2026-10-03,2026-10-03
1711,BFC Daugavpils,LVA,1,1238,2026-10-03,2026-10-03
1712,Ayr United,SCO,2,1237,2026-10-03,2026-10-03
1713,Trujillanos FC,VEN,1,1236,2026-10-03,2026-10-03
1714,FK Mornar,MNE,1,1233,2026-10-03,2026-10-03
1715,Kazincbarcika BS,HUN,1,1232,2026-10-03,2026-10-03
1716,Dynamo České Bud,CZE,2,1231,2026-10-03,2026-10-03
1717,CD Lealtad,ESP,3,1230,2026-10-03,2026-10-03
1718,C.F. Os Belenens,POR,2,1230,2026-10-03,2026-10-03
1719,AS Soliman,TUN,1,1230,2026-10-03,2026-10-03
1720,Greenville Trium,USA,2,1226,2026-10-03,2026-10-03
1721,FK Gabala,AZE,1,1223,2026-10-03,2026-10-03
1722,Al-Sailiya SC,QAT,1,1221,2026-10-03,2026-10-03
1723,JS Kairouanaise,TUN,1,1221,2026-10-03,2026-10-03
1724,Hibernians Paola,MLT,1,1221,2026-10-03,2026-10-03
1725,Virtus Verona,ITA,3,1220,2026-10-03,2026-10-03
1726,Vado,ITA,3,1215,2026-10-03,2026-10-03
1727,Jong Ajax,NED,2,1215,2026-10-03,2026-10-03
1728,Jong Utrecht,NED,2,1215,2026-10-03,2026-10-03
1729,Artis Brno,CZE,2,1213,2026-10-03,2026-10-03
1730,Decic,MNE,1,1213,2026-10-03,2026-10-03
1731,Brooklyn,USA,2,1212,2026-10-03,2026-10-03
1732,Ismaily,EGY,1,1211,2026-10-03,2026-10-03
1733,Chemie Leipzig,GER,2,1206,2026-10-03,2026-10-03
1734,Tekstilac Odžaci,SRB,1,1204,2026-10-03,2026-10-03
1735,St Josephs,GIB,1,1204,2026-10-03,2026-10-03
1736,Atlétic Escaldes,AND,1,1203,2026-10-03,2026-10-03
1737,Chattanooga Red,USA,2,1199,2026-10-03,2026-10-03
1738,Abo Qir Semad,EGY,1,1198,2026-10-03,2026-10-03
1739,Náxara CD,ESP,3,1196,2026-10-03,2026-10-03
1740,Spartak Subotica,SRB,1,1195,2026-10-03,2026-10-03
1741,Atletico Malague,ESP,3,1194,2026-10-03,2026-10-03
1742,EGS Gafsa,TUN,1,1192,2026-10-03,2026-10-03
1743,Mohammédia,MAR,1,1188,2026-10-03,2026-10-03
1744,Clodiense,ITA,3,1187,2026-10-03,2026-10-03
1745,Rudes Zagreb,CRO,1,1187,2026-10-03,2026-10-03
1746,Omonia 29is Maio,CYP,1,1187,2026-10-03,2026-10-03
1747,SK Poltava,UKR,1,1185,2026-10-03,2026-10-03
1748,El Hodood,EGY,1,1185,2026-10-03,2026-10-03
1749,FK Dobrudzha,BUL,1,1185,2026-10-03,2026-10-03
1750,Pro Patria,ITA,3,1184,2026-10-03,2026-10-03
1751,Dinamo Tirana,ALB,,1183.72375488,2026-08-31,2026-12-31
1752,UD Mutilvera,ESP,3,1182,2026-10-03,2026-10-03
1753,Krusevac,SRB,1,1181,2026-10-03,2026-10-03
1754,Al Khor SC,QAT,1,1181,2026-10-03,2026-10-03
1755,Rabotnicki,MKD,1,1180,2026-10-03,2026-10-03
1756,R Letzebuerg,LUX,1,1178,2026-10-03,2026-10-03
1757,Enosis Neao,CYP,1,1177,2026-10-03,2026-10-03
1758,Valletta,MLT,1,1177,2026-10-03,2026-10-03
1759,Hebar Pazardzhik,BUL,1,1172,2026-10-03,2026-10-03
1760,Chester City,ENG,5,1171,2026-10-03,2026-10-03
1761,Orbit College,RSA,1,1167,2026-10-03,2026-10-03
1762,AS Gabès,TUN,1,1162,2026-10-03,2026-10-03
1763,US Tataouine,TUN,1,1161,2026-10-03,2026-10-03
1764,Jedinstvo Ub,SRB,1,1160,2026-10-03,2026-10-03
1765,Dunav Ruse,BUL,1,1160,2026-10-03,2026-10-03
1766,Marumo Gallants,RSA,1,1155,2026-10-03,2026-10-03
1767,Montana 1921,BUL,1,1152,2026-10-03,2026-10-03
1768,Saburtalo,GEO,,1149.44433594,2026-08-31,2026-12-31
1769,Lokomotiva Zvole,SVK,1,1146,2026-10-03,2026-10-03
1770,Cliftonville,NIR,1,1145,2026-10-03,2026-10-03
1771,Socuellamos,ESP,3,1141,2026-10-03,2026-10-03
1772,Connahs Quay,WAL,1,1138,2026-10-03,2026-10-03
1773,Penybont FC,WAL,1,1137,2026-10-03,2026-10-03
1774,Petrovac,MNE,1,1137,2026-10-03,2026-10-03
1775,SS Virtus,SMR,1,1136,2026-10-03,2026-10-03
1776,Richmond Kickers,USA,2,1134,2026-10-03,2026-10-03
1777,Shafa,AZE,1,1134,2026-10-03,2026-10-03
1778,Corpus Christi,USA,2,1133,2026-10-03,2026-10-03
1779,Dungannon,NIR,1,1131,2026-10-03,2026-10-03
1780,Spaeri FC,GEO,1,1129,2026-10-03,2026-10-03
1781,SD Ejea,ESP,3,1128,2026-10-03,2026-10-03
1782,Karvan Evlakh,AZE,1,1112,2026-10-03,2026-10-03
1783,Hammam-Sousse,TUN,1,1108,2026-10-03,2026-10-03
1784,La Fiorita,SMR,1,1102,2026-10-03,2026-10-03
1785,Sarasota Paradis,USA,2,1101,2026-10-03,2026-10-03
1786,Sporting JAX,USA,2,1100,2026-10-03,2026-10-03
1787,UD Ourense,ESP,3,1095,2026-10-03,2026-10-03
1788,Kruger United,RSA,1,1088,2026-10-03,2026-10-03
1789,Zemun,SRB,1,1076,2026-10-03,2026-10-03
1790,Caernarfon Town,WAL,1,1074,2026-10-03,2026-10-03
1791,Asyut Petrol,EGY,1,1061,2026-10-03,2026-10-03
1792,Ifira Black Bird,VAN,1,1059,2026-10-03,2026-10-03
1793,FC Infonet,EST,,1050.10693359,2026-08-31,2026-12-31
1794,Haverfordwest,WAL,1,1040,2026-10-03,2026-10-03
1795,FCB Magpies,GIB,1,1036,2026-10-03,2026-10-03
1796,Gota,FAR,,1033.25927734,2026-08-31,2026-12-31
1797,Cosmos,USA,2,1019,2026-10-03,2026-10-03
1798,FC Naples,USA,2,1015,2026-10-03,2026-10-03
1799,Fort Wayne,USA,2,1005,2026-10-03,2026-10-03
1800,IF Vestri,ISL,1,974,2026-10-03,2026-10-03
1801,Tre Fiori,SMR,1,966,2026-10-03,2026-10-03
1802,Westchester SC,USA,2,938,2026-10-03,2026-10-03
1803,Central Coast FC,SOL,1,918,2026-10-03,2026-10-03
1804,Forward Madison,USA,2,837,2026-10-03,2026-10-03
1805,Club S Hammam-Li,TUN,1,719,2026-10-03,2026-10-03
1806,Tupapa Maraereng,COK,1,330,2026-10-03,2026-10-03
